{
    "DF0000072911": [
        {
            "participantId": 51586,
            "userId": "11_ot0nq6pPcoKuS_dL8oJ_7a-w9FlU",
            "participantName": "李焕焕",
            "participantType": null,
            "userRlt": "本人",
            "granderName": "女",
            "idcardType": "居民身份证",
            "idcardCode": "32032219870214446X",
            "birthDate": "1987-02-14",
            "ageNum": 35,
            "mobileNo": "18896782289",
            "testingLocation": "南京迪飞总部实验室",
            "testingCt": null,
            "testingNum": null,
            "isValid": "1",
            "remarks": null,
            "createdBy": "11_ot0nq6pPcoKuS_dL8oJ_7a-w9FlU",
            "createdByName": null,
            "creationDate": "2022-04-05T04:54:02.039Z",
            "modBy": "11_ot0nq6pPcoKuS_dL8oJ_7a-w9FlU",
            "modByName": null,
            "modDate": "2022-04-05T04:54:02.039Z",
            "boxNo": "BX00008712",
            "sampleNo": "DF0000072911",
            "testingType": "普筛",
            "sampleType": "口咽拭子",
            "isNeedReport": "0"
        },
        {
            "participantId": 50694,
            "userId": "11_ot0nq6snci1b5yASxwsKKAxEoDgI",
            "participantName": "刘文增",
            "participantType": null,
            "userRlt": "本人",
            "granderName": "男",
            "idcardType": "居民身份证",
            "idcardCode": "37292219850322521X",
            "birthDate": "1985-03-22",
            "ageNum": 37,
            "mobileNo": "18795986582",
            "testingLocation": "南京迪飞总部实验室",
            "testingCt": null,
            "testingNum": null,
            "isValid": "1",
            "remarks": null,
            "createdBy": "11_ot0nq6snci1b5yASxwsKKAxEoDgI",
            "createdByName": null,
            "creationDate": "2022-03-24T02:50:25.929Z",
            "modBy": "11_ot0nq6snci1b5yASxwsKKAxEoDgI",
            "modByName": null,
            "modDate": "2022-03-24T02:50:25.929Z",
            "boxNo": "BX00008712",
            "sampleNo": "DF0000072911",
            "testingType": "普筛",
            "sampleType": "口咽拭子",
            "isNeedReport": "0"
        },
        {
            "participantId": 144248,
            "userId": "11_ot0nq6lYGG-3IavZkwhz5vk8iIr0",
            "participantName": "张晓亮",
            "participantType": null,
            "userRlt": "本人",
            "granderName": "男",
            "idcardType": "居民身份证",
            "idcardCode": "410527198911109892",
            "birthDate": "1989-11-10",
            "ageNum": 32,
            "mobileNo": "13633725511",
            "testingLocation": "南京迪飞总部实验室",
            "testingCt": null,
            "testingNum": null,
            "isValid": "1",
            "remarks": null,
            "createdBy": "11_ot0nq6lYGG-3IavZkwhz5vk8iIr0",
            "createdByName": null,
            "creationDate": "2022-05-26T03:10:06.846Z",
            "modBy": "11_ot0nq6lYGG-3IavZkwhz5vk8iIr0",
            "modByName": null,
            "modDate": "2022-05-26T03:10:06.846Z",
            "boxNo": "BX00008712",
            "sampleNo": "DF0000072911",
            "testingType": "普筛",
            "sampleType": "口咽拭子",
            "isNeedReport": "0"
        },
        {
            "participantId": 144250,
            "userId": "11_ot0nq6jQixefd8YgXixrRaktjibg",
            "participantName": "杨志雄",
            "participantType": null,
            "userRlt": "本人",
            "granderName": "男",
            "idcardType": "居民身份证",
            "idcardCode": "522426200101051639",
            "birthDate": "2001-01-05",
            "ageNum": 21,
            "mobileNo": "16685102056",
            "testingLocation": "南京迪飞总部实验室",
            "testingCt": null,
            "testingNum": null,
            "isValid": "1",
            "remarks": null,
            "createdBy": "11_ot0nq6jQixefd8YgXixrRaktjibg",
            "createdByName": null,
            "creationDate": "2022-05-26T03:10:20.235Z",
            "modBy": "11_ot0nq6jQixefd8YgXixrRaktjibg",
            "modByName": null,
            "modDate": "2022-05-26T03:10:20.235Z",
            "boxNo": "BX00008712",
            "sampleNo": "DF0000072911",
            "testingType": "普筛",
            "sampleType": "口咽拭子",
            "isNeedReport": "0"
        },
        {
            "participantId": 144252,
            "userId": "11_ot0nq6okM2PJPkrJedDAoh00qLaY",
            "participantName": "周健",
            "participantType": null,
            "userRlt": "本人",
            "granderName": "男",
            "idcardType": "居民身份证",
            "idcardCode": "370911199812093613",
            "birthDate": "1998-12-09",
            "ageNum": 23,
            "mobileNo": "18769851720",
            "testingLocation": "南京迪飞总部实验室",
            "testingCt": null,
            "testingNum": null,
            "isValid": "1",
            "remarks": null,
            "createdBy": "11_ot0nq6okM2PJPkrJedDAoh00qLaY",
            "createdByName": null,
            "creationDate": "2022-05-26T03:10:24.155Z",
            "modBy": "11_ot0nq6okM2PJPkrJedDAoh00qLaY",
            "modByName": null,
            "modDate": "2022-05-26T03:10:24.155Z",
            "boxNo": "BX00008712",
            "sampleNo": "DF0000072911",
            "testingType": "普筛",
            "sampleType": "口咽拭子",
            "isNeedReport": "0"
        },
        {
            "participantId": 144239,
            "userId": "11_ot0nq6i-f2kibKSkjslNakjd4gaA",
            "participantName": "吴威杰",
            "participantType": null,
            "userRlt": "本人",
            "granderName": "男",
            "idcardType": "居民身份证",
            "idcardCode": "34222519940903701x",
            "birthDate": "1994-09-03",
            "ageNum": 27,
            "mobileNo": "18251814617",
            "testingLocation": "南京迪飞总部实验室",
            "testingCt": null,
            "testingNum": null,
            "isValid": "1",
            "remarks": null,
            "createdBy": "11_ot0nq6i-f2kibKSkjslNakjd4gaA",
            "createdByName": null,
            "creationDate": "2022-05-26T03:09:47.606Z",
            "modBy": "11_ot0nq6i-f2kibKSkjslNakjd4gaA",
            "modByName": null,
            "modDate": "2022-05-26T03:09:47.606Z",
            "boxNo": "BX00008712",
            "sampleNo": "DF0000072911",
            "testingType": "普筛",
            "sampleType": "口咽拭子",
            "isNeedReport": "0"
        },
        {
            "participantId": 144249,
            "userId": "11_ot0nq6psVhoVl8sL4dIIZK_24Uf8",
            "participantName": "马世成",
            "participantType": null,
            "userRlt": "本人",
            "granderName": "男",
            "idcardType": "居民身份证",
            "idcardCode": "410311199610186539",
            "birthDate": "1996-10-18",
            "ageNum": 25,
            "mobileNo": "17630380019",
            "testingLocation": "南京迪飞总部实验室",
            "testingCt": null,
            "testingNum": null,
            "isValid": "1",
            "remarks": null,
            "createdBy": "11_ot0nq6psVhoVl8sL4dIIZK_24Uf8",
            "createdByName": null,
            "creationDate": "2022-05-26T03:10:17.889Z",
            "modBy": "11_ot0nq6psVhoVl8sL4dIIZK_24Uf8",
            "modByName": null,
            "modDate": "2022-05-26T03:10:17.889Z",
            "boxNo": "BX00008712",
            "sampleNo": "DF0000072911",
            "testingType": "普筛",
            "sampleType": "口咽拭子",
            "isNeedReport": "0"
        },
        {
            "participantId": 144244,
            "userId": "11_ot0nq6iHKUaZwphG-LBEY5ra36SY",
            "participantName": "仇文兵",
            "participantType": null,
            "userRlt": "本人",
            "granderName": "男",
            "idcardType": "居民身份证",
            "idcardCode": "320123199211124819",
            "birthDate": "1992-11-12",
            "ageNum": 29,
            "mobileNo": "18795857745",
            "testingLocation": "南京迪飞总部实验室",
            "testingCt": null,
            "testingNum": null,
            "isValid": "1",
            "remarks": null,
            "createdBy": "11_ot0nq6iHKUaZwphG-LBEY5ra36SY",
            "createdByName": null,
            "creationDate": "2022-05-26T03:10:01.441Z",
            "modBy": "11_ot0nq6iHKUaZwphG-LBEY5ra36SY",
            "modByName": null,
            "modDate": "2022-05-26T03:10:01.441Z",
            "boxNo": "BX00008712",
            "sampleNo": "DF0000072911",
            "testingType": "普筛",
            "sampleType": "口咽拭子",
            "isNeedReport": "0"
        },
        {
            "idcardType": "居民身份证",
            "idcardCode": "36233019900120139X",
            "participantName": "陈康",
            "userRlt": "本人",
            "granderName": "男",
            "birthDate": "1990-01-20",
            "ageNum": 32,
            "mobileNo": "13155759630",
            "remarks": "",
            "isValid": "1",
            "sampleNo": "DF0000072911",
            "boxNo": "BX00008712",
            "testingType": "普筛",
            "testingLocation": "南京迪飞总部实验室",
            "sampleType": "口咽拭子",
            "isNeedReport": "0"
        },
        {
            "participantId": 144255,
            "userId": "11_ot0nq6hvIHfL6cfx5KKqXZSwhC0w",
            "participantName": "李涛",
            "participantType": null,
            "userRlt": "本人",
            "granderName": "男",
            "idcardType": "居民身份证",
            "idcardCode": "410527199510181417",
            "birthDate": "1995-10-18",
            "ageNum": 26,
            "mobileNo": "15515129632",
            "testingLocation": "南京迪飞总部实验室",
            "testingCt": null,
            "testingNum": null,
            "isValid": "1",
            "remarks": null,
            "createdBy": "11_ot0nq6hvIHfL6cfx5KKqXZSwhC0w",
            "createdByName": null,
            "creationDate": "2022-05-26T03:10:47.667Z",
            "modBy": "11_ot0nq6hvIHfL6cfx5KKqXZSwhC0w",
            "modByName": null,
            "modDate": "2022-05-26T03:10:47.667Z",
            "boxNo": "BX00008712",
            "sampleNo": "DF0000072911",
            "testingType": "普筛",
            "sampleType": "口咽拭子",
            "isNeedReport": "0"
        }
    ],
    "DF0000072909": [
        {
            "participantId": 27982,
            "userId": "11_ot0nq6v8E0gX94MPGZ8X8sQWBp0c",
            "participantName": "沈雨彤",
            "participantType": null,
            "userRlt": "本人",
            "granderName": "女",
            "idcardType": "居民身份证",
            "idcardCode": "13062220001023588X",
            "birthDate": "2000-10-23",
            "ageNum": 21,
            "mobileNo": "18751888172",
            "testingLocation": "南京迪飞总部实验室",
            "testingCt": null,
            "testingNum": null,
            "isValid": "1",
            "remarks": "",
            "createdBy": "11_ot0nq6v8E0gX94MPGZ8X8sQWBp0c",
            "createdByName": null,
            "creationDate": "2022-01-24T09:06:41.374Z",
            "modBy": "11_ot0nq6v8E0gX94MPGZ8X8sQWBp0c",
            "modByName": null,
            "modDate": "2022-01-24T09:06:41.374Z",
            "boxNo": "BX00008712",
            "sampleNo": "DF0000072909",
            "testingType": "普筛",
            "sampleType": "口咽拭子",
            "isNeedReport": "0"
        },
        {
            "participantId": 50346,
            "userId": "11_ot0nq6iMLVx3J0eM2H7Vl3mOlCCY",
            "participantName": "陈吉",
            "participantType": null,
            "userRlt": "本人",
            "granderName": "女",
            "idcardType": "居民身份证",
            "idcardCode": "320882198910015447",
            "birthDate": "1989-10-01",
            "ageNum": 32,
            "mobileNo": "15951635669",
            "testingLocation": "南京迪飞总部实验室",
            "testingCt": null,
            "testingNum": null,
            "isValid": "1",
            "remarks": null,
            "createdBy": "11_ot0nq6iMLVx3J0eM2H7Vl3mOlCCY",
            "createdByName": null,
            "creationDate": "2022-03-19T04:11:33.315Z",
            "modBy": "11_ot0nq6iMLVx3J0eM2H7Vl3mOlCCY",
            "modByName": null,
            "modDate": "2022-03-25T03:50:03.593Z",
            "boxNo": "BX00008712",
            "sampleNo": "DF0000072909",
            "testingType": "普筛",
            "sampleType": "口咽拭子",
            "isNeedReport": "0"
        },
        {
            "participantId": 50348,
            "userId": "11_ot0nq6tEA_ZKWhawWpXTvcbHbMRY",
            "participantName": "丁巧云",
            "participantType": null,
            "userRlt": "本人",
            "granderName": "女",
            "idcardType": "居民身份证",
            "idcardCode": "320123199605285228",
            "birthDate": "1996-05-28",
            "ageNum": 25,
            "mobileNo": "18795813940",
            "testingLocation": "南京迪飞总部实验室",
            "testingCt": null,
            "testingNum": null,
            "isValid": "1",
            "remarks": null,
            "createdBy": "11_ot0nq6tEA_ZKWhawWpXTvcbHbMRY",
            "createdByName": null,
            "creationDate": "2022-03-19T04:11:44.248Z",
            "modBy": "11_ot0nq6tEA_ZKWhawWpXTvcbHbMRY",
            "modByName": null,
            "modDate": "2022-03-19T04:11:44.248Z",
            "boxNo": "BX00008712",
            "sampleNo": "DF0000072909",
            "testingType": "普筛",
            "sampleType": "口咽拭子",
            "isNeedReport": "0"
        },
        {
            "participantId": 28276,
            "userId": "11_ot0nq6qVTfkBd49F6CKWr_O8PElE",
            "participantName": "吴美丽",
            "participantType": null,
            "userRlt": "本人",
            "granderName": "女",
            "idcardType": "居民身份证",
            "idcardCode": "341223198503164922",
            "birthDate": "1985-03-16",
            "ageNum": 37,
            "mobileNo": "18795871311",
            "testingLocation": "南京迪飞总部实验室",
            "testingCt": null,
            "testingNum": null,
            "isValid": "1",
            "remarks": "",
            "createdBy": "11_ot0nq6qVTfkBd49F6CKWr_O8PElE",
            "createdByName": null,
            "creationDate": "2022-01-28T03:36:15.684Z",
            "modBy": "11_ot0nq6qVTfkBd49F6CKWr_O8PElE",
            "modByName": null,
            "modDate": "2022-03-31T03:17:50.071Z",
            "boxNo": "BX00008712",
            "sampleNo": "DF0000072909",
            "testingType": "普筛",
            "sampleType": "口咽拭子",
            "isNeedReport": "0"
        },
        {
            "participantId": 50629,
            "userId": "11_ot0nq6qx04TX7-LRcQiiszPqhAP8",
            "participantName": "孙静静",
            "participantType": null,
            "userRlt": "本人",
            "granderName": "女",
            "idcardType": "居民身份证",
            "idcardCode": "320123199205062623",
            "birthDate": "1992-05-06",
            "ageNum": 30,
            "mobileNo": "13401995102",
            "testingLocation": "南京迪飞总部实验室",
            "testingCt": null,
            "testingNum": null,
            "isValid": "1",
            "remarks": null,
            "createdBy": "11_ot0nq6qx04TX7-LRcQiiszPqhAP8",
            "createdByName": null,
            "creationDate": "2022-03-23T02:51:19.191Z",
            "modBy": "11_ot0nq6qx04TX7-LRcQiiszPqhAP8",
            "modByName": null,
            "modDate": "2022-03-23T02:51:19.191Z",
            "boxNo": "BX00008712",
            "sampleNo": "DF0000072909",
            "testingType": "普筛",
            "sampleType": "口咽拭子",
            "isNeedReport": "0"
        },
        {
            "participantId": 49895,
            "userId": "11_ot0nq6nMdgqxKZvXsne4VuVbwgvU",
            "participantName": "杜雅文",
            "participantType": null,
            "userRlt": "本人",
            "granderName": "女",
            "idcardType": "居民身份证",
            "idcardCode": "320122199504014422",
            "birthDate": "1995-04-01",
            "ageNum": 27,
            "mobileNo": "13770857477",
            "testingLocation": "南京迪飞总部实验室",
            "testingCt": null,
            "testingNum": null,
            "isValid": "1",
            "remarks": null,
            "createdBy": "11_ot0nq6nMdgqxKZvXsne4VuVbwgvU",
            "createdByName": null,
            "creationDate": "2022-03-15T03:51:18.513Z",
            "modBy": "11_ot0nq6nMdgqxKZvXsne4VuVbwgvU",
            "modByName": null,
            "modDate": "2022-03-15T03:51:18.513Z",
            "boxNo": "BX00008712",
            "sampleNo": "DF0000072909",
            "testingType": "普筛",
            "sampleType": "口咽拭子",
            "isNeedReport": "0"
        },
        {
            "participantId": 50644,
            "userId": "11_ot0nq6kgcWZoGIq6PX-WNxbO9ELo",
            "participantName": "尹壮壮",
            "participantType": null,
            "userRlt": "本人",
            "granderName": "男",
            "idcardType": "居民身份证",
            "idcardCode": "320722199406183911",
            "birthDate": "1994-06-18",
            "ageNum": 27,
            "mobileNo": "15062576947",
            "testingLocation": "南京迪飞总部实验室",
            "testingCt": null,
            "testingNum": null,
            "isValid": "1",
            "remarks": "",
            "createdBy": "11_ot0nq6kgcWZoGIq6PX-WNxbO9ELo",
            "createdByName": null,
            "creationDate": "2022-03-23T03:26:03.616Z",
            "modBy": "11_ot0nq6kgcWZoGIq6PX-WNxbO9ELo",
            "modByName": null,
            "modDate": "2022-03-23T03:26:03.616Z",
            "boxNo": "BX00008712",
            "sampleNo": "DF0000072909",
            "testingType": "普筛",
            "sampleType": "口咽拭子",
            "isNeedReport": "0"
        },
        {
            "participantId": 50581,
            "userId": "11_ot0nq6iAZAyedPR2Ch4DVGR0fSBI",
            "participantName": "吴永玲",
            "participantType": null,
            "userRlt": "本人",
            "granderName": "女",
            "idcardType": "居民身份证",
            "idcardCode": "342322196904031822",
            "birthDate": "1969-04-03",
            "ageNum": 53,
            "mobileNo": "13813008742",
            "testingLocation": "南京迪飞总部实验室",
            "testingCt": null,
            "testingNum": null,
            "isValid": "1",
            "remarks": null,
            "createdBy": "11_ot0nq6iAZAyedPR2Ch4DVGR0fSBI",
            "createdByName": null,
            "creationDate": "2022-03-22T08:04:11.601Z",
            "modBy": "11_ot0nq6iAZAyedPR2Ch4DVGR0fSBI",
            "modByName": null,
            "modDate": "2022-03-22T08:04:11.601Z",
            "boxNo": "BX00008712",
            "sampleNo": "DF0000072909",
            "testingType": "普筛",
            "sampleType": "口咽拭子",
            "isNeedReport": "0"
        },
        {
            "participantId": 53412,
            "userId": "11_ot0nq6goAUIMY2jJvfjicscMrSXg",
            "participantName": "张君君",
            "participantType": null,
            "userRlt": "本人",
            "granderName": "女",
            "idcardType": "居民身份证",
            "idcardCode": "341203199903222262",
            "birthDate": "1999-03-22",
            "ageNum": 23,
            "mobileNo": "17856418814",
            "testingLocation": "南京迪飞总部实验室",
            "testingCt": null,
            "testingNum": null,
            "isValid": "1",
            "remarks": null,
            "createdBy": "11_ot0nq6goAUIMY2jJvfjicscMrSXg",
            "createdByName": null,
            "creationDate": "2022-04-29T03:09:38.297Z",
            "modBy": "11_ot0nq6goAUIMY2jJvfjicscMrSXg",
            "modByName": null,
            "modDate": "2022-04-29T03:09:38.297Z",
            "boxNo": "BX00008712",
            "sampleNo": "DF0000072909",
            "testingType": "普筛",
            "sampleType": "口咽拭子",
            "isNeedReport": "0"
        },
        {
            "participantId": 112860,
            "userId": "11_ot0nq6mw2s0GBdgeFwegA-aYlnr4",
            "participantName": "崔智红",
            "participantType": null,
            "userRlt": "本人",
            "granderName": "女",
            "idcardType": "居民身份证",
            "idcardCode": "341181199811145822",
            "birthDate": "1998-11-14",
            "ageNum": 23,
            "mobileNo": "18255086719",
            "testingLocation": "南京迪飞总部实验室",
            "testingCt": null,
            "testingNum": null,
            "isValid": "1",
            "remarks": "",
            "createdBy": "11_ot0nq6mw2s0GBdgeFwegA-aYlnr4",
            "createdByName": null,
            "creationDate": "2022-05-13T05:14:22.137Z",
            "modBy": "11_ot0nq6mw2s0GBdgeFwegA-aYlnr4",
            "modByName": null,
            "modDate": "2022-05-13T05:14:22.137Z",
            "boxNo": "BX00008712",
            "sampleNo": "DF0000072909",
            "testingType": "普筛",
            "sampleType": "口咽拭子",
            "isNeedReport": "0"
        }
    ],
    "DF0000072912": [
        {
            "participantId": 11858,
            "userId": "11_ot0nq6rC10-wOEPA6RA7FsHuTado",
            "participantName": "陈苏皖",
            "participantType": null,
            "userRlt": "本人",
            "granderName": "女",
            "idcardType": "居民身份证",
            "idcardCode": "341323199906011226",
            "birthDate": "1999-06-01",
            "ageNum": 22,
            "mobileNo": "18156448672",
            "testingLocation": "南京迪飞总部实验室",
            "testingCt": null,
            "testingNum": null,
            "isValid": "1",
            "remarks": null,
            "createdBy": "11_ot0nq6rC10-wOEPA6RA7FsHuTado",
            "createdByName": null,
            "creationDate": "2021-12-06T09:32:47.044Z",
            "modBy": "11_ot0nq6rC10-wOEPA6RA7FsHuTado",
            "modByName": null,
            "modDate": "2021-12-06T09:32:47.044Z",
            "boxNo": "BX00008712",
            "sampleNo": "DF0000072912",
            "testingType": "普筛",
            "sampleType": "口咽拭子",
            "isNeedReport": "0"
        },
        {
            "participantId": 49313,
            "userId": "11_ot0nq6ot2YoLKpuyMYOzRzIu2RRc",
            "participantName": "马舜瑶",
            "participantType": null,
            "userRlt": "本人",
            "granderName": "女",
            "idcardType": "居民身份证",
            "idcardCode": "140321199910120061",
            "birthDate": "1999-10-12",
            "ageNum": 22,
            "mobileNo": "18535366684",
            "testingLocation": "南京迪飞总部实验室",
            "testingCt": null,
            "testingNum": null,
            "isValid": "1",
            "remarks": null,
            "createdBy": "11_ot0nq6ot2YoLKpuyMYOzRzIu2RRc",
            "createdByName": null,
            "creationDate": "2022-03-14T04:14:27.419Z",
            "modBy": "11_ot0nq6ot2YoLKpuyMYOzRzIu2RRc",
            "modByName": null,
            "modDate": "2022-03-23T03:01:10.004Z",
            "boxNo": "BX00008712",
            "sampleNo": "DF0000072912",
            "testingType": "普筛",
            "sampleType": "口咽拭子",
            "isNeedReport": "0"
        },
        {
            "participantId": 50720,
            "userId": "11_ot0nq6uW4-uDlMGdTd60AHhtSXWg",
            "participantName": "周斯宇",
            "participantType": null,
            "userRlt": "本人",
            "granderName": "女",
            "idcardType": "居民身份证",
            "idcardCode": "320682199507097140",
            "birthDate": "1995-07-09",
            "ageNum": 26,
            "mobileNo": "13814544231",
            "testingLocation": "南京迪飞总部实验室",
            "testingCt": null,
            "testingNum": null,
            "isValid": "1",
            "remarks": null,
            "createdBy": "11_ot0nq6uW4-uDlMGdTd60AHhtSXWg",
            "createdByName": null,
            "creationDate": "2022-03-25T03:57:26.964Z",
            "modBy": "11_ot0nq6uW4-uDlMGdTd60AHhtSXWg",
            "modByName": null,
            "modDate": "2022-03-25T03:57:26.964Z",
            "boxNo": "BX00008712",
            "sampleNo": "DF0000072912",
            "testingType": "普筛",
            "sampleType": "口咽拭子",
            "isNeedReport": "0"
        },
        {
            "participantId": 50508,
            "userId": "11_ot0nq6vsCGfuiBDZvbRvQsm0Rnk4",
            "participantName": "姚苏桐",
            "participantType": null,
            "userRlt": "本人",
            "granderName": "女",
            "idcardType": "居民身份证",
            "idcardCode": "32011219900624162X",
            "birthDate": "1990-06-24",
            "ageNum": 31,
            "mobileNo": "15366022862",
            "testingLocation": "南京迪飞总部实验室",
            "testingCt": null,
            "testingNum": null,
            "isValid": "1",
            "remarks": null,
            "createdBy": "11_ot0nq6vsCGfuiBDZvbRvQsm0Rnk4",
            "createdByName": null,
            "creationDate": "2022-03-22T06:44:43.292Z",
            "modBy": "11_ot0nq6vsCGfuiBDZvbRvQsm0Rnk4",
            "modByName": null,
            "modDate": "2022-03-22T06:44:43.292Z",
            "boxNo": "BX00008712",
            "sampleNo": "DF0000072912",
            "testingType": "普筛",
            "sampleType": "口咽拭子",
            "isNeedReport": "0"
        },
        {
            "participantId": 139627,
            "userId": "11_ot0nq6mMe4-e0H5WPE3-aYp79E-s",
            "participantName": "常荣志",
            "participantType": null,
            "userRlt": "本人",
            "granderName": "男",
            "idcardType": "居民身份证",
            "idcardCode": "321025196301186815",
            "birthDate": "1963-01-18",
            "ageNum": 59,
            "mobileNo": "13801439612",
            "testingLocation": "南京迪飞总部实验室",
            "testingCt": null,
            "testingNum": null,
            "isValid": "1",
            "remarks": null,
            "createdBy": "11_ot0nq6mMe4-e0H5WPE3-aYp79E-s",
            "createdByName": null,
            "creationDate": "2022-05-21T03:30:05.792Z",
            "modBy": "11_ot0nq6mMe4-e0H5WPE3-aYp79E-s",
            "modByName": null,
            "modDate": "2022-05-21T03:30:58.738Z",
            "boxNo": "BX00008712",
            "sampleNo": "DF0000072912",
            "testingType": "普筛",
            "sampleType": "口咽拭子",
            "isNeedReport": "0"
        },
        {
            "participantId": 48750,
            "userId": "11_ot0nq6qZzG8Hy1fghwLFJC_T7o0A",
            "participantName": "陈广娥",
            "participantType": null,
            "userRlt": "本人",
            "granderName": "女",
            "idcardType": "居民身份证",
            "idcardCode": "320111197907254828",
            "birthDate": "1979-07-25",
            "ageNum": 42,
            "mobileNo": "13805144823",
            "testingLocation": "南京迪飞总部实验室",
            "testingCt": null,
            "testingNum": null,
            "isValid": "1",
            "remarks": null,
            "createdBy": "11_ot0nq6qZzG8Hy1fghwLFJC_T7o0A",
            "createdByName": null,
            "creationDate": "2022-03-11T03:15:09.447Z",
            "modBy": "11_ot0nq6qZzG8Hy1fghwLFJC_T7o0A",
            "modByName": null,
            "modDate": "2022-03-11T03:15:09.447Z",
            "boxNo": "BX00008712",
            "sampleNo": "DF0000072912",
            "testingType": "普筛",
            "sampleType": "口咽拭子",
            "isNeedReport": "0"
        },
        {
            "participantId": 28301,
            "userId": "11_ot0nq6ks0riJbAp3iS1c4rLrAI7I",
            "participantName": "吉翔",
            "participantType": null,
            "userRlt": "本人",
            "granderName": "男",
            "idcardType": "居民身份证",
            "idcardCode": "320881198007150419",
            "birthDate": "1980-07-15",
            "ageNum": 41,
            "mobileNo": "13851691211",
            "testingLocation": "南京迪飞总部实验室",
            "testingCt": null,
            "testingNum": null,
            "isValid": "1",
            "remarks": "",
            "createdBy": "11_ot0nq6ks0riJbAp3iS1c4rLrAI7I",
            "createdByName": null,
            "creationDate": "2022-01-28T04:00:24.620Z",
            "modBy": "11_ot0nq6ks0riJbAp3iS1c4rLrAI7I",
            "modByName": null,
            "modDate": "2022-01-28T04:00:24.620Z",
            "boxNo": "BX00008712",
            "sampleNo": "DF0000072912",
            "testingType": "普筛",
            "sampleType": "口咽拭子",
            "isNeedReport": "0"
        },
        {
            "participantId": 144251,
            "userId": "11_ot0nq6lPO9iOtrPBFKYFnkLlyZas",
            "participantName": "徐广棚",
            "participantType": null,
            "userRlt": "本人",
            "granderName": "男",
            "idcardType": "居民身份证",
            "idcardCode": "410224198302203212",
            "birthDate": "1983-02-20",
            "ageNum": 39,
            "mobileNo": "15996217292",
            "testingLocation": "南京迪飞总部实验室",
            "testingCt": null,
            "testingNum": null,
            "isValid": "1",
            "remarks": null,
            "createdBy": "11_ot0nq6lPO9iOtrPBFKYFnkLlyZas",
            "createdByName": null,
            "creationDate": "2022-05-26T03:10:21.345Z",
            "modBy": "11_ot0nq6lPO9iOtrPBFKYFnkLlyZas",
            "modByName": null,
            "modDate": "2022-05-26T03:10:21.345Z",
            "boxNo": "BX00008712",
            "sampleNo": "DF0000072912",
            "testingType": "普筛",
            "sampleType": "口咽拭子",
            "isNeedReport": "0"
        },
        {
            "participantId": 28427,
            "userId": "11_ot0nq6gVQOV7kSz4KUsFsF90c1K8",
            "participantName": "张晓婷",
            "participantType": null,
            "userRlt": "本人",
            "granderName": "女",
            "idcardType": "居民身份证",
            "idcardCode": "142702199602260921",
            "birthDate": "1996-02-26",
            "ageNum": 26,
            "mobileNo": "18751998292",
            "testingLocation": "南京迪飞总部实验室",
            "testingCt": null,
            "testingNum": null,
            "isValid": "1",
            "remarks": null,
            "createdBy": "11_ot0nq6gVQOV7kSz4KUsFsF90c1K8",
            "createdByName": null,
            "creationDate": "2022-01-29T03:42:15.320Z",
            "modBy": "11_ot0nq6gVQOV7kSz4KUsFsF90c1K8",
            "modByName": null,
            "modDate": "2022-04-10T09:34:56.238Z",
            "boxNo": "BX00008712",
            "sampleNo": "DF0000072912",
            "testingType": "普筛",
            "sampleType": "口咽拭子",
            "isNeedReport": "0"
        },
        {
            "participantId": 50582,
            "userId": "11_ot0nq6sSuRqZCrt4BULU3aGGpBgw",
            "participantName": "方静雪",
            "participantType": null,
            "userRlt": "本人",
            "granderName": "女",
            "idcardType": "居民身份证",
            "idcardCode": "320107199803263425",
            "birthDate": "1998-03-26",
            "ageNum": 24,
            "mobileNo": "13002599709",
            "testingLocation": "南京迪飞总部实验室",
            "testingCt": null,
            "testingNum": null,
            "isValid": "1",
            "remarks": null,
            "createdBy": "11_ot0nq6sSuRqZCrt4BULU3aGGpBgw",
            "createdByName": null,
            "creationDate": "2022-03-22T08:09:57.464Z",
            "modBy": "11_ot0nq6sSuRqZCrt4BULU3aGGpBgw",
            "modByName": null,
            "modDate": "2022-03-22T08:09:57.464Z",
            "boxNo": "BX00008712",
            "sampleNo": "DF0000072912",
            "testingType": "普筛",
            "sampleType": "口咽拭子",
            "isNeedReport": "0"
        }
    ],
    "DF0000072913": [
        {
            "participantId": 49296,
            "userId": "11_ot0nq6s1-wnUn6HmA9CV6QulDeZc",
            "participantName": "杨帆",
            "participantType": null,
            "userRlt": "本人",
            "granderName": "女",
            "idcardType": "居民身份证",
            "idcardCode": "370304199806266227",
            "birthDate": "1998-06-26",
            "ageNum": 23,
            "mobileNo": "13220694786",
            "testingLocation": "南京迪飞总部实验室",
            "testingCt": null,
            "testingNum": null,
            "isValid": "1",
            "remarks": "",
            "createdBy": "11_ot0nq6s1-wnUn6HmA9CV6QulDeZc",
            "createdByName": null,
            "creationDate": "2022-03-14T04:02:41.812Z",
            "modBy": "11_ot0nq6s1-wnUn6HmA9CV6QulDeZc",
            "modByName": null,
            "modDate": "2022-03-14T04:02:41.812Z",
            "boxNo": "BX00008712",
            "sampleNo": "DF0000072913",
            "testingType": "普筛",
            "sampleType": "口咽拭子",
            "isNeedReport": "0"
        },
        {
            "participantId": 3522,
            "userId": "11_ot0nq6vgyxaAW7F-Oo7obSSwgbGA",
            "participantName": "成庆",
            "participantType": null,
            "userRlt": "本人",
            "granderName": "女",
            "idcardType": "居民身份证",
            "idcardCode": "320112199104140427",
            "birthDate": "1991-04-14",
            "ageNum": 31,
            "mobileNo": "15261860698",
            "testingLocation": "南京迪飞总部实验室",
            "testingCt": null,
            "testingNum": null,
            "isValid": "1",
            "remarks": null,
            "createdBy": "11_ot0nq6vgyxaAW7F-Oo7obSSwgbGA",
            "createdByName": null,
            "creationDate": "2021-08-30T01:02:10.032Z",
            "modBy": "11_ot0nq6vgyxaAW7F-Oo7obSSwgbGA",
            "modByName": null,
            "modDate": "2022-03-23T02:42:41.822Z",
            "boxNo": "BX00008712",
            "sampleNo": "DF0000072913",
            "testingType": "普筛",
            "sampleType": "口咽拭子",
            "isNeedReport": "0"
        },
        {
            "participantId": 28248,
            "userId": "11_ot0nq6qLvfKN7dfbznr3YnGRSMEM",
            "participantName": "段俊俏",
            "participantType": null,
            "userRlt": "本人",
            "granderName": "男",
            "idcardType": "居民身份证",
            "idcardCode": "320722199110077757",
            "birthDate": "1991-10-07",
            "ageNum": 30,
            "mobileNo": "13179582015",
            "testingLocation": "南京迪飞总部实验室",
            "testingCt": null,
            "testingNum": null,
            "isValid": "1",
            "remarks": "",
            "createdBy": "11_ot0nq6qLvfKN7dfbznr3YnGRSMEM",
            "createdByName": null,
            "creationDate": "2022-01-28T03:10:39.370Z",
            "modBy": "11_ot0nq6qLvfKN7dfbznr3YnGRSMEM",
            "modByName": null,
            "modDate": "2022-01-28T03:10:39.370Z",
            "boxNo": "BX00008712",
            "sampleNo": "DF0000072913",
            "testingType": "普筛",
            "sampleType": "口咽拭子",
            "isNeedReport": "0"
        },
        {
            "participantId": 48752,
            "userId": "11_ot0nq6rKQRiXrP2AKd6-i3sGuYAI",
            "participantName": "周炎",
            "participantType": null,
            "userRlt": "本人",
            "granderName": "男",
            "idcardType": "居民身份证",
            "idcardCode": "321181199209202835",
            "birthDate": "1992-09-20",
            "ageNum": 29,
            "mobileNo": "13260770883",
            "testingLocation": "南京迪飞总部实验室",
            "testingCt": null,
            "testingNum": null,
            "isValid": "1",
            "remarks": null,
            "createdBy": "11_ot0nq6rKQRiXrP2AKd6-i3sGuYAI",
            "createdByName": null,
            "creationDate": "2022-03-11T03:16:05.471Z",
            "modBy": "11_ot0nq6rKQRiXrP2AKd6-i3sGuYAI",
            "modByName": null,
            "modDate": "2022-03-11T03:16:05.471Z",
            "boxNo": "BX00008712",
            "sampleNo": "DF0000072913",
            "testingType": "普筛",
            "sampleType": "口咽拭子",
            "isNeedReport": "0"
        },
        {
            "participantId": 144274,
            "userId": "11_ot0nq6vNp2BghP3_i08wvMZPKIFM",
            "participantName": "涂敏荣",
            "participantType": null,
            "userRlt": "本人",
            "granderName": "女",
            "idcardType": "居民身份证",
            "idcardCode": "320123198610061822",
            "birthDate": "1986-10-06",
            "ageNum": 35,
            "mobileNo": "13401991592",
            "testingLocation": "南京迪飞总部实验室",
            "testingCt": null,
            "testingNum": null,
            "isValid": "1",
            "remarks": null,
            "createdBy": "11_ot0nq6vNp2BghP3_i08wvMZPKIFM",
            "createdByName": null,
            "creationDate": "2022-05-26T03:28:45.173Z",
            "modBy": "11_ot0nq6vNp2BghP3_i08wvMZPKIFM",
            "modByName": null,
            "modDate": "2022-05-26T03:28:45.173Z",
            "boxNo": "BX00008712",
            "sampleNo": "DF0000072913",
            "testingType": "普筛",
            "sampleType": "口咽拭子",
            "isNeedReport": "0"
        },
        {
            "participantId": 28368,
            "userId": "11_ot0nq6ohvQk7p2PxAnavMxfNP2Ok",
            "participantName": "闫怀群",
            "participantType": null,
            "userRlt": "本人",
            "granderName": "女",
            "idcardType": "居民身份证",
            "idcardCode": "320324198806075449",
            "birthDate": "1988-06-07",
            "ageNum": 33,
            "mobileNo": "18761861256",
            "testingLocation": "南京迪飞总部实验室",
            "testingCt": null,
            "testingNum": null,
            "isValid": "1",
            "remarks": "",
            "createdBy": "11_ot0nq6ohvQk7p2PxAnavMxfNP2Ok",
            "createdByName": null,
            "creationDate": "2022-01-29T03:07:19.584Z",
            "modBy": "11_ot0nq6ohvQk7p2PxAnavMxfNP2Ok",
            "modByName": null,
            "modDate": "2022-04-07T03:28:52.152Z",
            "boxNo": "BX00008712",
            "sampleNo": "DF0000072913",
            "testingType": "普筛",
            "sampleType": "口咽拭子",
            "isNeedReport": "0"
        },
        {
            "participantId": 50493,
            "userId": "11_ot0nq6vQdYKqkMqiNmEwjWaa77zY",
            "participantName": "陈惠",
            "participantType": null,
            "userRlt": "本人",
            "granderName": "女",
            "idcardType": "居民身份证",
            "idcardCode": "321283198708192428",
            "birthDate": "1987-08-19",
            "ageNum": 34,
            "mobileNo": "18994035801",
            "testingLocation": "南京迪飞总部实验室",
            "testingCt": null,
            "testingNum": null,
            "isValid": "1",
            "remarks": null,
            "createdBy": "11_ot0nq6vQdYKqkMqiNmEwjWaa77zY",
            "createdByName": null,
            "creationDate": "2022-03-22T04:27:58.196Z",
            "modBy": "11_ot0nq6vQdYKqkMqiNmEwjWaa77zY",
            "modByName": null,
            "modDate": "2022-03-22T04:27:58.196Z",
            "boxNo": "BX00008712",
            "sampleNo": "DF0000072913",
            "testingType": "普筛",
            "sampleType": "口咽拭子",
            "isNeedReport": "0"
        },
        {
            "participantId": 51612,
            "userId": "11_ot0nq6p9PEA3KMAXy-p8LxZSrrNI",
            "participantName": "邰安琪",
            "participantType": null,
            "userRlt": "本人",
            "granderName": "女",
            "idcardType": "居民身份证",
            "idcardCode": "522701199412252220",
            "birthDate": "1994-12-25",
            "ageNum": 27,
            "mobileNo": "13851503927",
            "testingLocation": "南京迪飞总部实验室",
            "testingCt": null,
            "testingNum": null,
            "isValid": "1",
            "remarks": "",
            "createdBy": "11_ot0nq6p9PEA3KMAXy-p8LxZSrrNI",
            "createdByName": null,
            "creationDate": "2022-04-07T03:30:34.096Z",
            "modBy": "11_ot0nq6p9PEA3KMAXy-p8LxZSrrNI",
            "modByName": null,
            "modDate": "2022-04-07T03:30:34.096Z",
            "boxNo": "BX00008712",
            "sampleNo": "DF0000072913",
            "testingType": "普筛",
            "sampleType": "口咽拭子",
            "isNeedReport": "0"
        },
        {
            "participantId": 51430,
            "userId": "11_ot0nq6qajt-w4VS4z2HGwjytgwq4",
            "participantName": "顾小芳",
            "participantType": null,
            "userRlt": "本人",
            "granderName": "女",
            "idcardType": "居民身份证",
            "idcardCode": "321283197709215228",
            "birthDate": "1977-09-21",
            "ageNum": 44,
            "mobileNo": "13852844456",
            "testingLocation": "南京迪飞总部实验室",
            "testingCt": null,
            "testingNum": null,
            "isValid": "1",
            "remarks": null,
            "createdBy": "11_ot0nq6qajt-w4VS4z2HGwjytgwq4",
            "createdByName": null,
            "creationDate": "2022-03-26T03:15:53.731Z",
            "modBy": "11_ot0nq6qajt-w4VS4z2HGwjytgwq4",
            "modByName": null,
            "modDate": "2022-03-26T03:15:53.731Z",
            "boxNo": "BX00008712",
            "sampleNo": "DF0000072913",
            "testingType": "普筛",
            "sampleType": "口咽拭子",
            "isNeedReport": "0"
        },
        {
            "participantId": 50710,
            "userId": "11_ot0nq6kCVy_OIRPqPEnbnc0UzoIs",
            "participantName": "顾建勇",
            "participantType": null,
            "userRlt": "本人",
            "granderName": "男",
            "idcardType": "居民身份证",
            "idcardCode": "321025197702275215",
            "birthDate": "1977-02-27",
            "ageNum": 45,
            "mobileNo": "15961021911",
            "testingLocation": "南京迪飞总部实验室",
            "testingCt": null,
            "testingNum": null,
            "isValid": "1",
            "remarks": null,
            "createdBy": "11_ot0nq6kCVy_OIRPqPEnbnc0UzoIs",
            "createdByName": null,
            "creationDate": "2022-03-25T02:15:50.816Z",
            "modBy": "11_ot0nq6kCVy_OIRPqPEnbnc0UzoIs",
            "modByName": null,
            "modDate": "2022-03-25T02:15:50.816Z",
            "boxNo": "BX00008712",
            "sampleNo": "DF0000072913",
            "testingType": "普筛",
            "sampleType": "口咽拭子",
            "isNeedReport": "0"
        }
    ],
    "DF0000072914": [
        {
            "participantId": 48759,
            "userId": "11_ot0nq6gj47YD2sSH92wRGoopX1BE",
            "participantName": "蔡伟伟",
            "participantType": null,
            "userRlt": "本人",
            "granderName": "男",
            "idcardType": "居民身份证",
            "idcardCode": "321283198604034257",
            "birthDate": "1986-04-03",
            "ageNum": 36,
            "mobileNo": "13301435133",
            "testingLocation": "南京迪飞总部实验室",
            "testingCt": null,
            "testingNum": null,
            "isValid": "1",
            "remarks": null,
            "createdBy": "11_ot0nq6gj47YD2sSH92wRGoopX1BE",
            "createdByName": null,
            "creationDate": "2022-03-11T03:32:40.583Z",
            "modBy": "11_ot0nq6gj47YD2sSH92wRGoopX1BE",
            "modByName": null,
            "modDate": "2022-04-03T03:45:16.476Z",
            "boxNo": "BX00008712",
            "sampleNo": "DF0000072914",
            "testingType": "普筛",
            "sampleType": "口咽拭子",
            "isNeedReport": "0"
        },
        {
            "participantId": 49080,
            "userId": "11_ot0nq6v984q1HlD3XX4PxN7a1ZUs",
            "participantName": "程超",
            "participantType": null,
            "userRlt": "本人",
            "granderName": "男",
            "idcardType": "居民身份证",
            "idcardCode": "140622198911210059",
            "birthDate": "1989-11-21",
            "ageNum": 32,
            "mobileNo": "15150531900",
            "testingLocation": "南京迪飞总部实验室",
            "testingCt": null,
            "testingNum": null,
            "isValid": "1",
            "remarks": "",
            "createdBy": "11_ot0nq6v984q1HlD3XX4PxN7a1ZUs",
            "createdByName": null,
            "creationDate": "2022-03-14T01:20:44.955Z",
            "modBy": "11_ot0nq6v984q1HlD3XX4PxN7a1ZUs",
            "modByName": null,
            "modDate": "2022-03-14T01:20:44.955Z",
            "boxNo": "BX00008712",
            "sampleNo": "DF0000072914",
            "testingType": "普筛",
            "sampleType": "口咽拭子",
            "isNeedReport": "0"
        },
        {
            "participantId": 3950,
            "userId": "11_ot0nq6kp9lC2bwNXwlg6_1IMGwo4",
            "participantName": "徐潇潇",
            "participantType": null,
            "userRlt": "本人",
            "granderName": "女",
            "idcardType": "居民身份证",
            "idcardCode": "340111199201014526",
            "birthDate": "1992-01-01",
            "ageNum": 30,
            "mobileNo": "18326662857",
            "testingLocation": "南京迪飞总部实验室",
            "testingCt": null,
            "testingNum": null,
            "isValid": "1",
            "remarks": null,
            "createdBy": "11_ot0nq6kp9lC2bwNXwlg6_1IMGwo4",
            "createdByName": null,
            "creationDate": "2021-09-18T06:06:11.841Z",
            "modBy": "11_ot0nq6kp9lC2bwNXwlg6_1IMGwo4",
            "modByName": null,
            "modDate": "2022-04-15T10:08:01.015Z",
            "boxNo": "BX00008712",
            "sampleNo": "DF0000072914",
            "testingType": "普筛",
            "sampleType": "口咽拭子",
            "isNeedReport": "0"
        },
        {
            "participantId": 132180,
            "userId": "11_ot0nq6ryEn7G5VF8HzH72vVznERc",
            "participantName": "钱岚",
            "participantType": null,
            "userRlt": "本人",
            "granderName": "女",
            "idcardType": "居民身份证",
            "idcardCode": "32058219990312482X",
            "birthDate": "1999-03-12",
            "ageNum": 23,
            "mobileNo": "18962693086",
            "testingLocation": "南京迪飞总部实验室",
            "testingCt": null,
            "testingNum": null,
            "isValid": "1",
            "remarks": null,
            "createdBy": "11_ot0nq6ryEn7G5VF8HzH72vVznERc",
            "createdByName": null,
            "creationDate": "2022-05-17T03:18:34.971Z",
            "modBy": "11_ot0nq6ryEn7G5VF8HzH72vVznERc",
            "modByName": null,
            "modDate": "2022-05-17T03:18:34.971Z",
            "boxNo": "BX00008712",
            "sampleNo": "DF0000072914",
            "testingType": "普筛",
            "sampleType": "口咽拭子",
            "isNeedReport": "0"
        },
        {
            "participantId": 50715,
            "userId": "11_ot0nq6iNOfqxjIbdqQs8OwUSa4IM",
            "participantName": "赵红阵",
            "participantType": null,
            "userRlt": "本人",
            "granderName": "男",
            "idcardType": "居民身份证",
            "idcardCode": "412726197608161630",
            "birthDate": "1976-08-16",
            "ageNum": 45,
            "mobileNo": "15188390133",
            "testingLocation": "南京迪飞总部实验室",
            "testingCt": null,
            "testingNum": null,
            "isValid": "1",
            "remarks": null,
            "createdBy": "11_ot0nq6iNOfqxjIbdqQs8OwUSa4IM",
            "createdByName": null,
            "creationDate": "2022-03-25T02:24:19.515Z",
            "modBy": "11_ot0nq6iNOfqxjIbdqQs8OwUSa4IM",
            "modByName": null,
            "modDate": "2022-03-25T02:24:19.515Z",
            "boxNo": "BX00008712",
            "sampleNo": "DF0000072914",
            "testingType": "普筛",
            "sampleType": "口咽拭子",
            "isNeedReport": "0"
        },
        {
            "participantId": 4292,
            "userId": "11_ot0nq6sn-uLCsFxgAaHfFuA8F4jE",
            "participantName": "成琴",
            "participantType": null,
            "userRlt": "本人",
            "granderName": "女",
            "idcardType": "居民身份证",
            "idcardCode": "320123197307161623",
            "birthDate": "1973-07-16",
            "ageNum": 48,
            "mobileNo": "13611568624",
            "testingLocation": "南京迪飞总部实验室",
            "testingCt": null,
            "testingNum": null,
            "isValid": "1",
            "remarks": null,
            "createdBy": "11_ot0nq6sn-uLCsFxgAaHfFuA8F4jE",
            "createdByName": null,
            "creationDate": "2021-10-21T04:20:47.877Z",
            "modBy": "11_ot0nq6sn-uLCsFxgAaHfFuA8F4jE",
            "modByName": null,
            "modDate": "2021-10-21T04:20:47.877Z",
            "boxNo": "BX00008712",
            "sampleNo": "DF0000072914",
            "testingType": "普筛",
            "sampleType": "口咽拭子",
            "isNeedReport": "0"
        },
        {
            "participantId": 4291,
            "userId": "11_ot0nq6vDTib_BT8zYR2EH6enkRsU",
            "participantName": "张小敏",
            "participantType": null,
            "userRlt": "本人",
            "granderName": "女",
            "idcardType": "居民身份证",
            "idcardCode": "341204199702202421",
            "birthDate": "1997-02-20",
            "ageNum": 25,
            "mobileNo": "15855542379",
            "testingLocation": "南京迪飞总部实验室",
            "testingCt": null,
            "testingNum": null,
            "isValid": "1",
            "remarks": null,
            "createdBy": "11_ot0nq6vDTib_BT8zYR2EH6enkRsU",
            "createdByName": null,
            "creationDate": "2021-10-21T04:20:10.882Z",
            "modBy": "11_ot0nq6vDTib_BT8zYR2EH6enkRsU",
            "modByName": null,
            "modDate": "2021-10-21T04:20:10.882Z",
            "boxNo": "BX00008712",
            "sampleNo": "DF0000072914",
            "testingType": "普筛",
            "sampleType": "口咽拭子",
            "isNeedReport": "0"
        },
        {
            "participantId": 3305,
            "userId": "11_ot0nq6gMdMVMrFIAjw_hUccyucLM",
            "participantName": "蒋斯明",
            "participantType": null,
            "userRlt": "本人",
            "granderName": "男",
            "idcardType": "居民身份证",
            "idcardCode": "11010519810724155X",
            "birthDate": "1981-07-24",
            "ageNum": 40,
            "mobileNo": "18601362035",
            "testingLocation": "南京迪飞总部实验室",
            "testingCt": null,
            "testingNum": null,
            "isValid": "1",
            "remarks": null,
            "createdBy": "11_ot0nq6gMdMVMrFIAjw_hUccyucLM",
            "createdByName": null,
            "creationDate": "2021-08-24T12:19:39.820Z",
            "modBy": "11_ot0nq6gMdMVMrFIAjw_hUccyucLM",
            "modByName": null,
            "modDate": "2022-03-22T08:10:32.953Z",
            "boxNo": "BX00008712",
            "sampleNo": "DF0000072914",
            "testingType": "普筛",
            "sampleType": "口咽拭子",
            "isNeedReport": "0"
        },
        {
            "participantId": 50481,
            "userId": "11_ot0nq6sH4hXrw662FG6VUL0pw8kg",
            "participantName": "李影",
            "participantType": null,
            "userRlt": "本人",
            "granderName": "女",
            "idcardType": "居民身份证",
            "idcardCode": "341225199311250823",
            "birthDate": "1993-11-25",
            "ageNum": 28,
            "mobileNo": "18751816661",
            "testingLocation": "南京迪飞总部实验室",
            "testingCt": null,
            "testingNum": null,
            "isValid": "1",
            "remarks": null,
            "createdBy": "11_ot0nq6sH4hXrw662FG6VUL0pw8kg",
            "createdByName": null,
            "creationDate": "2022-03-22T03:52:58.281Z",
            "modBy": "11_ot0nq6sH4hXrw662FG6VUL0pw8kg",
            "modByName": null,
            "modDate": "2022-03-22T03:52:58.281Z",
            "boxNo": "BX00008712",
            "sampleNo": "DF0000072914",
            "testingType": "普筛",
            "sampleType": "口咽拭子",
            "isNeedReport": "0"
        },
        {
            "participantId": 28353,
            "userId": "11_ot0nq6htq2tqjQjqmYyXo4r12G2U",
            "participantName": "蔡倩茹",
            "participantType": null,
            "userRlt": "本人",
            "granderName": "女",
            "idcardType": "居民身份证",
            "idcardCode": "341203199402202220",
            "birthDate": "1994-02-20",
            "ageNum": 28,
            "mobileNo": "15755844858",
            "testingLocation": "南京迪飞总部实验室",
            "testingCt": null,
            "testingNum": null,
            "isValid": "1",
            "remarks": null,
            "createdBy": "11_ot0nq6htq2tqjQjqmYyXo4r12G2U",
            "createdByName": null,
            "creationDate": "2022-01-29T02:58:05.869Z",
            "modBy": "11_ot0nq6htq2tqjQjqmYyXo4r12G2U",
            "modByName": null,
            "modDate": "2022-01-29T02:58:05.869Z",
            "boxNo": "BX00008712",
            "sampleNo": "DF0000072914",
            "testingType": "普筛",
            "sampleType": "口咽拭子",
            "isNeedReport": "0"
        }
    ],
    "DF0000072915": [
        {
            "participantId": 51723,
            "userId": "11_ot0nq6jE5UGAf2mpThsj8xzV4aP0",
            "participantName": "邓邦青",
            "participantType": null,
            "userRlt": "本人",
            "granderName": "男",
            "idcardType": "居民身份证",
            "idcardCode": "320122197706080816",
            "birthDate": "1977-06-08",
            "ageNum": 44,
            "mobileNo": "13451838912",
            "testingLocation": "南京迪飞总部实验室",
            "testingCt": null,
            "testingNum": null,
            "isValid": "1",
            "remarks": null,
            "createdBy": "11_ot0nq6jE5UGAf2mpThsj8xzV4aP0",
            "createdByName": null,
            "creationDate": "2022-04-12T03:03:44.695Z",
            "modBy": "11_ot0nq6jE5UGAf2mpThsj8xzV4aP0",
            "modByName": null,
            "modDate": "2022-04-12T03:03:44.695Z",
            "boxNo": "BX00008712",
            "sampleNo": "DF0000072915",
            "testingType": "普筛",
            "sampleType": "口咽拭子",
            "isNeedReport": "0"
        },
        {
            "participantId": 51518,
            "userId": "11_ot0nq6uoNtva4Ww5fVWiAPPe5exk",
            "participantName": "张亮",
            "participantType": null,
            "userRlt": "本人",
            "granderName": "男",
            "idcardType": "居民身份证",
            "idcardCode": "320324198612025435",
            "birthDate": "1986-12-02",
            "ageNum": 35,
            "mobileNo": "15050153260",
            "testingLocation": "南京迪飞总部实验室",
            "testingCt": null,
            "testingNum": null,
            "isValid": "1",
            "remarks": null,
            "createdBy": "11_ot0nq6uoNtva4Ww5fVWiAPPe5exk",
            "createdByName": null,
            "creationDate": "2022-03-30T09:29:22.084Z",
            "modBy": "11_ot0nq6uoNtva4Ww5fVWiAPPe5exk",
            "modByName": null,
            "modDate": "2022-03-30T09:29:22.084Z",
            "boxNo": "BX00008712",
            "sampleNo": "DF0000072915",
            "testingType": "普筛",
            "sampleType": "口咽拭子",
            "isNeedReport": "0"
        },
        {
            "participantId": 28529,
            "userId": "11_ot0nq6pukuIwnQ2MHWsaw6-mRHOY",
            "participantName": "蒋文",
            "participantType": null,
            "userRlt": "本人",
            "granderName": "男",
            "idcardType": "居民身份证",
            "idcardCode": "340223199304198410",
            "birthDate": "1993-04-19",
            "ageNum": 29,
            "mobileNo": "18916622445",
            "testingLocation": "南京迪飞总部实验室",
            "testingCt": null,
            "testingNum": null,
            "isValid": "1",
            "remarks": "",
            "createdBy": "11_ot0nq6pukuIwnQ2MHWsaw6-mRHOY",
            "createdByName": null,
            "creationDate": "2022-01-30T04:57:12.306Z",
            "modBy": "11_ot0nq6pukuIwnQ2MHWsaw6-mRHOY",
            "modByName": null,
            "modDate": "2022-01-30T04:57:12.306Z",
            "boxNo": "BX00008712",
            "sampleNo": "DF0000072915",
            "testingType": "普筛",
            "sampleType": "口咽拭子",
            "isNeedReport": "0"
        },
        {
            "idcardType": "居民身份证",
            "idcardCode": "340604200104281664",
            "participantName": "雷晓宇",
            "userRlt": "本人",
            "granderName": "女",
            "birthDate": "2001-04-28",
            "ageNum": 21,
            "mobileNo": "18756122313",
            "remarks": "",
            "isValid": "1",
            "sampleNo": "DF0000072915",
            "boxNo": "BX00008712",
            "testingType": "普筛",
            "testingLocation": "南京迪飞总部实验室",
            "sampleType": "口咽拭子",
            "isNeedReport": "0"
        },
        {
            "participantId": 4084,
            "userId": "11_ot0nq6mO2Kaae26zicgB85rKqqz8",
            "participantName": "汪笑男",
            "participantType": null,
            "userRlt": "本人",
            "granderName": "女",
            "idcardType": "居民身份证",
            "idcardCode": "210102198403252223",
            "birthDate": "1984-03-25",
            "ageNum": 38,
            "mobileNo": "17391058817",
            "testingLocation": "南京迪飞总部实验室",
            "testingCt": null,
            "testingNum": null,
            "isValid": "1",
            "remarks": null,
            "createdBy": "11_ot0nq6mO2Kaae26zicgB85rKqqz8",
            "createdByName": null,
            "creationDate": "2021-10-06T07:18:22.105Z",
            "modBy": "11_ot0nq6mO2Kaae26zicgB85rKqqz8",
            "modByName": null,
            "modDate": "2022-03-30T10:32:19.084Z",
            "boxNo": "BX00008712",
            "sampleNo": "DF0000072915",
            "testingType": "普筛",
            "sampleType": "口咽拭子",
            "isNeedReport": "0"
        },
        {
            "participantId": 4029,
            "userId": "11_ot0nq6mO2Kaae26zicgB85rKqqz8",
            "participantName": "邵阳",
            "participantType": null,
            "userRlt": "本人",
            "granderName": "男",
            "idcardType": "居民身份证",
            "idcardCode": "31010419870118603X",
            "birthDate": "1987-01-18",
            "ageNum": 35,
            "mobileNo": "18438993636",
            "testingLocation": "南京迪飞总部实验室",
            "testingCt": null,
            "testingNum": null,
            "isValid": "1",
            "remarks": null,
            "createdBy": "11_ot0nq6mO2Kaae26zicgB85rKqqz8",
            "createdByName": null,
            "creationDate": "2021-09-27T09:40:24.839Z",
            "modBy": "11_ot0nq6mO2Kaae26zicgB85rKqqz8",
            "modByName": null,
            "modDate": "2022-02-23T09:15:17.794Z",
            "boxNo": "BX00008712",
            "sampleNo": "DF0000072915",
            "testingType": "普筛",
            "sampleType": "口咽拭子",
            "isNeedReport": "0"
        },
        {
            "idcardType": "居民身份证",
            "idcardCode": "612323199901282728",
            "participantName": "王慧芳",
            "userRlt": "本人",
            "granderName": "女",
            "birthDate": "1999-01-28",
            "ageNum": 23,
            "mobileNo": "18740660628",
            "remarks": "",
            "isValid": "1",
            "sampleNo": "DF0000072915",
            "boxNo": "BX00008712",
            "testingType": "普筛",
            "testingLocation": "南京迪飞总部实验室",
            "sampleType": "口咽拭子",
            "isNeedReport": "0"
        }
    ]
}