{
    "DF0000160381": [
        {
            "participantId": 10282,
            "userId": "11_ot0nq6g46iFHVEiOQ8xKzWGZsPLU",
            "participantName": "孟德乐",
            "participantType": null,
            "userRlt": "儿子",
            "granderName": "男",
            "idcardType": "居民身份证",
            "idcardCode": "320382200610173112",
            "birthDate": "2006-10-17",
            "ageNum": 15,
            "mobileNo": "13855526425",
            "testingLocation": "大厂高级中学",
            "testingCt": null,
            "testingNum": null,
            "isValid": "1",
            "remarks": "",
            "createdBy": "11_ot0nq6g46iFHVEiOQ8xKzWGZsPLU",
            "createdByName": null,
            "creationDate": "2021-11-30T05:22:56.029Z",
            "modBy": "11_ot0nq6g46iFHVEiOQ8xKzWGZsPLU",
            "modByName": null,
            "modDate": "2021-11-30T05:22:56.029Z",
            "sampleNo": "DF0000160381",
            "boxNo": "BX00016418",
            "testingType": "普筛",
            "sampleType": "口咽拭子",
            "isNeedReport": "0"
        }
    ]
}