{
    "DF0000155839": [
        {
            "participantId": 51624,
            "userId": "11_ot0nq6hwKzj4mof8fou8OzNRm4xw",
            "participantName": "张国琴",
            "participantType": null,
            "userRlt": "本人",
            "granderName": "女",
            "idcardType": "居民身份证",
            "idcardCode": "342322197010281624",
            "birthDate": "1970-10-28",
            "ageNum": 51,
            "mobileNo": "13913307510",
            "testingLocation": "南京迪飞总部实验室",
            "testingCt": null,
            "testingNum": null,
            "isValid": "1",
            "remarks": null,
            "createdBy": "11_ot0nq6hwKzj4mof8fou8OzNRm4xw",
            "createdByName": null,
            "creationDate": "2022-04-08T02:59:20.670Z",
            "modBy": "11_ot0nq6hwKzj4mof8fou8OzNRm4xw",
            "modByName": null,
            "modDate": "2022-04-08T02:59:20.670Z",
            "boxNo": "BX00008713",
            "sampleNo": "DF0000155839",
            "testingType": "普筛",
            "sampleType": "口咽拭子",
            "isNeedReport": null
        },
        {
            "participantId": 50573,
            "userId": "11_ot0nq6rj7zPWwlN6qOJuZW3HNBdc",
            "participantName": "王艮",
            "participantType": null,
            "userRlt": "本人",
            "granderName": "女",
            "idcardType": "居民身份证",
            "idcardCode": "320821196801114305",
            "birthDate": "1968-01-11",
            "ageNum": 54,
            "mobileNo": "15190468412",
            "testingLocation": "南京迪飞总部实验室",
            "testingCt": null,
            "testingNum": null,
            "isValid": "1",
            "remarks": null,
            "createdBy": "11_ot0nq6rj7zPWwlN6qOJuZW3HNBdc",
            "createdByName": null,
            "creationDate": "2022-03-22T07:53:36.326Z",
            "modBy": "11_ot0nq6rj7zPWwlN6qOJuZW3HNBdc",
            "modByName": null,
            "modDate": "2022-03-22T07:53:36.326Z",
            "boxNo": "BX00008713",
            "sampleNo": "DF0000155839",
            "testingType": "普筛",
            "sampleType": "口咽拭子",
            "isNeedReport": null
        },
        {
            "participantId": 49200,
            "userId": "11_ot0nq6uW_E1KUrKoabj0MLaW9vVs",
            "participantName": "张贡琴",
            "participantType": null,
            "userRlt": "本人",
            "granderName": "女",
            "idcardType": "居民身份证",
            "idcardCode": "341122197505252022",
            "birthDate": "1975-05-25",
            "ageNum": 47,
            "mobileNo": "13255263296",
            "testingLocation": "南京迪飞总部实验室",
            "testingCt": null,
            "testingNum": null,
            "isValid": "1",
            "remarks": "",
            "createdBy": "11_ot0nq6uW_E1KUrKoabj0MLaW9vVs",
            "createdByName": null,
            "creationDate": "2022-03-14T03:11:10.169Z",
            "modBy": "11_ot0nq6uW_E1KUrKoabj0MLaW9vVs",
            "modByName": null,
            "modDate": "2022-03-14T03:11:10.169Z",
            "boxNo": "BX00008713",
            "sampleNo": "DF0000155839",
            "testingType": "普筛",
            "sampleType": "口咽拭子",
            "isNeedReport": null
        },
        {
            "participantId": 50587,
            "userId": "11_ot0nq6tXM5q37jfG3wzQcQomNu94",
            "participantName": "成维翠",
            "participantType": null,
            "userRlt": "本人",
            "granderName": "女",
            "idcardType": "居民身份证",
            "idcardCode": "341122196811082063",
            "birthDate": "1968-11-08",
            "ageNum": 53,
            "mobileNo": "13705145234",
            "testingLocation": "南京迪飞总部实验室",
            "testingCt": null,
            "testingNum": null,
            "isValid": "1",
            "remarks": null,
            "createdBy": "11_ot0nq6tXM5q37jfG3wzQcQomNu94",
            "createdByName": null,
            "creationDate": "2022-03-22T08:38:42.044Z",
            "modBy": "11_ot0nq6tXM5q37jfG3wzQcQomNu94",
            "modByName": null,
            "modDate": "2022-03-22T08:38:42.044Z",
            "boxNo": "BX00008713",
            "sampleNo": "DF0000155839",
            "testingType": "普筛",
            "sampleType": "口咽拭子",
            "isNeedReport": null
        },
        {
            "participantId": 50586,
            "userId": "11_ot0nq6sE8eskk-o8hRw4fnQ_dHe8",
            "participantName": "林小林",
            "participantType": null,
            "userRlt": "本人",
            "granderName": "女",
            "idcardType": "居民身份证",
            "idcardCode": "320122197012250868",
            "birthDate": "1970-12-25",
            "ageNum": 51,
            "mobileNo": "13645189936",
            "testingLocation": "南京迪飞总部实验室",
            "testingCt": null,
            "testingNum": null,
            "isValid": "1",
            "remarks": null,
            "createdBy": "11_ot0nq6sE8eskk-o8hRw4fnQ_dHe8",
            "createdByName": null,
            "creationDate": "2022-03-22T08:28:38.347Z",
            "modBy": "11_ot0nq6sE8eskk-o8hRw4fnQ_dHe8",
            "modByName": null,
            "modDate": "2022-03-22T08:28:38.347Z",
            "boxNo": "BX00008713",
            "sampleNo": "DF0000155839",
            "testingType": "普筛",
            "sampleType": "口咽拭子",
            "isNeedReport": null
        },
        {
            "participantId": 51613,
            "userId": "11_ot0nq6nw9bwNvCivCyBA0ZMp3Dtc",
            "participantName": "解生格",
            "participantType": null,
            "userRlt": "本人",
            "granderName": "女",
            "idcardType": "居民身份证",
            "idcardCode": "320111197104234823",
            "birthDate": "1971-04-23",
            "ageNum": 51,
            "mobileNo": "18013309586",
            "testingLocation": "南京迪飞总部实验室",
            "testingCt": null,
            "testingNum": null,
            "isValid": "1",
            "remarks": "",
            "createdBy": "11_ot0nq6nw9bwNvCivCyBA0ZMp3Dtc",
            "createdByName": null,
            "creationDate": "2022-04-07T03:37:21.882Z",
            "modBy": "11_ot0nq6nw9bwNvCivCyBA0ZMp3Dtc",
            "modByName": null,
            "modDate": "2022-04-07T03:37:21.882Z",
            "boxNo": "BX00008713",
            "sampleNo": "DF0000155839",
            "testingType": "普筛",
            "sampleType": "口咽拭子",
            "isNeedReport": null
        },
        {
            "participantId": 27084,
            "userId": "11_ot0nq6navKmNXiQNerfave4htVwk",
            "participantName": "李艳会",
            "participantType": null,
            "userRlt": "本人",
            "granderName": "男",
            "idcardType": "居民身份证",
            "idcardCode": "22232419730206263X",
            "birthDate": "1973-02-06",
            "ageNum": 49,
            "mobileNo": "15543833518",
            "testingLocation": "南京迪飞总部实验室",
            "testingCt": null,
            "testingNum": null,
            "isValid": "1",
            "remarks": null,
            "createdBy": "11_ot0nq6navKmNXiQNerfave4htVwk",
            "createdByName": null,
            "creationDate": "2022-01-13T08:42:07.799Z",
            "modBy": "11_ot0nq6navKmNXiQNerfave4htVwk",
            "modByName": null,
            "modDate": "2022-01-17T07:55:29.250Z",
            "boxNo": "BX00008713",
            "sampleNo": "DF0000155839",
            "testingType": "普筛",
            "sampleType": "口咽拭子",
            "isNeedReport": null
        },
        {
            "participantId": 50561,
            "userId": "11_ot0nq6oN4ZlXmBJA1JHQYP4OKx5c",
            "participantName": "居殿梅",
            "participantType": null,
            "userRlt": "本人",
            "granderName": "女",
            "idcardType": "居民身份证",
            "idcardCode": "321084197012236526",
            "birthDate": "1970-12-23",
            "ageNum": 51,
            "mobileNo": "15805184496",
            "testingLocation": "南京迪飞总部实验室",
            "testingCt": null,
            "testingNum": null,
            "isValid": "1",
            "remarks": null,
            "createdBy": "11_ot0nq6oN4ZlXmBJA1JHQYP4OKx5c",
            "createdByName": null,
            "creationDate": "2022-03-22T07:39:44.451Z",
            "modBy": "11_ot0nq6oN4ZlXmBJA1JHQYP4OKx5c",
            "modByName": null,
            "modDate": "2022-03-22T07:39:44.451Z",
            "boxNo": "BX00008713",
            "sampleNo": "DF0000155839",
            "testingType": "普筛",
            "sampleType": "口咽拭子",
            "isNeedReport": null
        },
        {
            "participantId": 4491,
            "userId": "11_ot0nq6j5FYJop1qJyvIlKKqwtGO4",
            "participantName": "陈琛",
            "participantType": null,
            "userRlt": "本人",
            "granderName": "女",
            "idcardType": "居民身份证",
            "idcardCode": "120103199811167027",
            "birthDate": "1998-11-16",
            "ageNum": 23,
            "mobileNo": "17320050231",
            "testingLocation": "南京迪飞总部实验室",
            "testingCt": null,
            "testingNum": null,
            "isValid": "1",
            "remarks": null,
            "createdBy": "11_ot0nq6j5FYJop1qJyvIlKKqwtGO4",
            "createdByName": null,
            "creationDate": "2021-11-12T03:20:10.784Z",
            "modBy": "11_ot0nq6j5FYJop1qJyvIlKKqwtGO4",
            "modByName": null,
            "modDate": "2021-11-12T03:20:10.784Z",
            "boxNo": "BX00008713",
            "sampleNo": "DF0000155839",
            "testingType": "普筛",
            "sampleType": "口咽拭子",
            "isNeedReport": null
        },
        {
            "participantId": 144233,
            "userId": "11_ot0nq6pgQkXOfwAg5JjEmMZuNT-A",
            "participantName": "蒋兵",
            "participantType": null,
            "userRlt": "本人",
            "granderName": "男",
            "idcardType": "居民身份证",
            "idcardCode": "510522199611105570",
            "birthDate": "1996-11-10",
            "ageNum": 25,
            "mobileNo": "17366076707",
            "testingLocation": "南京迪飞总部实验室",
            "testingCt": null,
            "testingNum": null,
            "isValid": "1",
            "remarks": null,
            "createdBy": "11_ot0nq6pgQkXOfwAg5JjEmMZuNT-A",
            "createdByName": null,
            "creationDate": "2022-05-26T03:08:30.606Z",
            "modBy": "11_ot0nq6pgQkXOfwAg5JjEmMZuNT-A",
            "modByName": null,
            "modDate": "2022-05-26T03:08:30.606Z",
            "boxNo": "BX00008713",
            "sampleNo": "DF0000155839",
            "testingType": "普筛",
            "sampleType": "口咽拭子",
            "isNeedReport": null
        }
    ],
    "DF0000155828": [
        {
            "participantId": 144235,
            "userId": "11_ot0nq6hMgXXsKknFwZbeFVpPZW9A",
            "participantName": "王银飞",
            "participantType": null,
            "userRlt": "本人",
            "granderName": "男",
            "idcardType": "居民身份证",
            "idcardCode": "410502200203150096",
            "birthDate": "2002-03-15",
            "ageNum": 20,
            "mobileNo": "15683276471",
            "testingLocation": "南京迪飞总部实验室",
            "testingCt": null,
            "testingNum": null,
            "isValid": "1",
            "remarks": null,
            "createdBy": "11_ot0nq6hMgXXsKknFwZbeFVpPZW9A",
            "createdByName": null,
            "creationDate": "2022-05-26T03:08:46.960Z",
            "modBy": "11_ot0nq6hMgXXsKknFwZbeFVpPZW9A",
            "modByName": null,
            "modDate": "2022-05-26T03:08:46.960Z",
            "boxNo": "BX00008713",
            "sampleNo": "DF0000155828",
            "testingType": "普筛",
            "sampleType": "口咽拭子",
            "isNeedReport": "null"
        },
        {
            "participantId": 144234,
            "userId": "11_ot0nq6t2664YN3ePfXCOnWTtc0rw",
            "participantName": "陈许诺",
            "participantType": null,
            "userRlt": "本人",
            "granderName": "男",
            "idcardType": "居民身份证",
            "idcardCode": "441827200311166431",
            "birthDate": "2003-11-16",
            "ageNum": 18,
            "mobileNo": "13726978279",
            "testingLocation": "南京迪飞总部实验室",
            "testingCt": null,
            "testingNum": null,
            "isValid": "1",
            "remarks": "",
            "createdBy": "11_ot0nq6t2664YN3ePfXCOnWTtc0rw",
            "createdByName": null,
            "creationDate": "2022-05-26T03:08:43.970Z",
            "modBy": "11_ot0nq6t2664YN3ePfXCOnWTtc0rw",
            "modByName": null,
            "modDate": "2022-05-26T03:08:43.970Z",
            "boxNo": "BX00008713",
            "sampleNo": "DF0000155828",
            "testingType": "普筛",
            "sampleType": "口咽拭子",
            "isNeedReport": "null"
        },
        {
            "participantId": 144238,
            "userId": "11_ot0nq6hN8TOucdUEVkQeLh0HBfFY",
            "participantName": "刘诺",
            "participantType": null,
            "userRlt": "本人",
            "granderName": "女",
            "idcardType": "居民身份证",
            "idcardCode": "341226200303203324",
            "birthDate": "2003-03-20",
            "ageNum": 19,
            "mobileNo": "18114705439",
            "testingLocation": "南京迪飞总部实验室",
            "testingCt": null,
            "testingNum": null,
            "isValid": "1",
            "remarks": null,
            "createdBy": "11_ot0nq6hN8TOucdUEVkQeLh0HBfFY",
            "createdByName": null,
            "creationDate": "2022-05-26T03:09:35.028Z",
            "modBy": "11_ot0nq6hN8TOucdUEVkQeLh0HBfFY",
            "modByName": null,
            "modDate": "2022-05-26T03:09:35.028Z",
            "boxNo": "BX00008713",
            "sampleNo": "DF0000155828",
            "testingType": "普筛",
            "sampleType": "口咽拭子",
            "isNeedReport": "null"
        },
        {
            "participantId": 144233,
            "userId": "11_ot0nq6pgQkXOfwAg5JjEmMZuNT-A",
            "participantName": "蒋兵",
            "participantType": null,
            "userRlt": "本人",
            "granderName": "男",
            "idcardType": "居民身份证",
            "idcardCode": "510522199611105570",
            "birthDate": "1996-11-10",
            "ageNum": 25,
            "mobileNo": "17366076707",
            "testingLocation": "南京迪飞总部实验室",
            "testingCt": null,
            "testingNum": null,
            "isValid": "1",
            "remarks": null,
            "createdBy": "11_ot0nq6pgQkXOfwAg5JjEmMZuNT-A",
            "createdByName": null,
            "creationDate": "2022-05-26T03:08:30.606Z",
            "modBy": "11_ot0nq6pgQkXOfwAg5JjEmMZuNT-A",
            "modByName": null,
            "modDate": "2022-05-26T03:08:30.606Z",
            "boxNo": "BX00008713",
            "sampleNo": "DF0000155828",
            "testingType": "普筛",
            "sampleType": "口咽拭子",
            "isNeedReport": "null"
        },
        {
            "participantId": 144232,
            "userId": "11_ot0nq6qpukqOZpqjO6vO7ChW--oc",
            "participantName": "杨磊",
            "participantType": null,
            "userRlt": "本人",
            "granderName": "男",
            "idcardType": "居民身份证",
            "idcardCode": "410503199611195016",
            "birthDate": "1996-11-19",
            "ageNum": 25,
            "mobileNo": "18317738995",
            "testingLocation": "南京迪飞总部实验室",
            "testingCt": null,
            "testingNum": null,
            "isValid": "1",
            "remarks": "",
            "createdBy": "11_ot0nq6qpukqOZpqjO6vO7ChW--oc",
            "createdByName": null,
            "creationDate": "2022-05-26T03:08:10.178Z",
            "modBy": "11_ot0nq6qpukqOZpqjO6vO7ChW--oc",
            "modByName": null,
            "modDate": "2022-05-26T03:08:10.178Z",
            "boxNo": "BX00008713",
            "sampleNo": "DF0000155828",
            "testingType": "普筛",
            "sampleType": "口咽拭子",
            "isNeedReport": "null"
        },
        {
            "participantId": 144247,
            "userId": "11_ot0nq6p2l0FwIXwjmnIkepncBPQ4",
            "participantName": "刘志尧",
            "participantType": null,
            "userRlt": "本人",
            "granderName": "男",
            "idcardType": "居民身份证",
            "idcardCode": "21102119990821861x",
            "birthDate": "1999-08-21",
            "ageNum": 22,
            "mobileNo": "15841940821",
            "testingLocation": "南京迪飞总部实验室",
            "testingCt": null,
            "testingNum": null,
            "isValid": "1",
            "remarks": null,
            "createdBy": "11_ot0nq6p2l0FwIXwjmnIkepncBPQ4",
            "createdByName": null,
            "creationDate": "2022-05-26T03:10:02.537Z",
            "modBy": "11_ot0nq6p2l0FwIXwjmnIkepncBPQ4",
            "modByName": null,
            "modDate": "2022-05-26T03:10:02.537Z",
            "boxNo": "BX00008713",
            "sampleNo": "DF0000155828",
            "testingType": "普筛",
            "sampleType": "口咽拭子",
            "isNeedReport": "null"
        },
        {
            "participantId": 144246,
            "userId": "11_ot0nq6hpnXUFcmSerGW8zX1Hj6pM",
            "participantName": "尹才",
            "participantType": null,
            "userRlt": "本人",
            "granderName": "男",
            "idcardType": "居民身份证",
            "idcardCode": "140224199108161214",
            "birthDate": "1991-08-16",
            "ageNum": 30,
            "mobileNo": "19523135420",
            "testingLocation": "南京迪飞总部实验室",
            "testingCt": null,
            "testingNum": null,
            "isValid": "1",
            "remarks": null,
            "createdBy": "11_ot0nq6hpnXUFcmSerGW8zX1Hj6pM",
            "createdByName": null,
            "creationDate": "2022-05-26T03:10:02.505Z",
            "modBy": "11_ot0nq6hpnXUFcmSerGW8zX1Hj6pM",
            "modByName": null,
            "modDate": "2022-05-26T03:10:02.505Z",
            "boxNo": "BX00008713",
            "sampleNo": "DF0000155828",
            "testingType": "普筛",
            "sampleType": "口咽拭子",
            "isNeedReport": "null"
        },
        {
            "participantId": 144242,
            "userId": "11_ot0nq6v8eyxxNpp_SJUNK_FoyjcM",
            "participantName": "杨国林",
            "participantType": null,
            "userRlt": "本人",
            "granderName": "男",
            "idcardType": "居民身份证",
            "idcardCode": "431281199802244631",
            "birthDate": "1998-02-24",
            "ageNum": 24,
            "mobileNo": "13807451510",
            "testingLocation": "南京迪飞总部实验室",
            "testingCt": null,
            "testingNum": null,
            "isValid": "1",
            "remarks": null,
            "createdBy": "11_ot0nq6v8eyxxNpp_SJUNK_FoyjcM",
            "createdByName": null,
            "creationDate": "2022-05-26T03:09:54.513Z",
            "modBy": "11_ot0nq6v8eyxxNpp_SJUNK_FoyjcM",
            "modByName": null,
            "modDate": "2022-05-26T03:09:54.513Z",
            "boxNo": "BX00008713",
            "sampleNo": "DF0000155828",
            "testingType": "普筛",
            "sampleType": "口咽拭子",
            "isNeedReport": "null"
        },
        {
            "participantId": 144245,
            "userId": "11_ot0nq6jZB011WZpvhRuJ5QDNWj1g",
            "participantName": "吕小龙",
            "participantType": null,
            "userRlt": "本人",
            "granderName": "男",
            "idcardType": "居民身份证",
            "idcardCode": "513721199704062212",
            "birthDate": "1997-04-06",
            "ageNum": 25,
            "mobileNo": "18270831317",
            "testingLocation": "南京迪飞总部实验室",
            "testingCt": null,
            "testingNum": null,
            "isValid": "1",
            "remarks": null,
            "createdBy": "11_ot0nq6jZB011WZpvhRuJ5QDNWj1g",
            "createdByName": null,
            "creationDate": "2022-05-26T03:10:01.636Z",
            "modBy": "11_ot0nq6jZB011WZpvhRuJ5QDNWj1g",
            "modByName": null,
            "modDate": "2022-05-26T03:10:01.636Z",
            "boxNo": "BX00008713",
            "sampleNo": "DF0000155828",
            "testingType": "普筛",
            "sampleType": "口咽拭子",
            "isNeedReport": "null"
        },
        {
            "participantId": 144257,
            "userId": "11_ot0nq6stXcCSYZ0Xh5Z2F4MuM1RI",
            "participantName": "张和",
            "participantType": null,
            "userRlt": "本人",
            "granderName": "男",
            "idcardType": "居民身份证",
            "idcardCode": "320882199309091419",
            "birthDate": "1993-09-09",
            "ageNum": 28,
            "mobileNo": "13236502690",
            "testingLocation": "南京迪飞总部实验室",
            "testingCt": null,
            "testingNum": null,
            "isValid": "1",
            "remarks": null,
            "createdBy": "11_ot0nq6stXcCSYZ0Xh5Z2F4MuM1RI",
            "createdByName": null,
            "creationDate": "2022-05-26T03:11:22.509Z",
            "modBy": "11_ot0nq6stXcCSYZ0Xh5Z2F4MuM1RI",
            "modByName": null,
            "modDate": "2022-05-26T03:11:22.509Z",
            "boxNo": "BX00008713",
            "sampleNo": "DF0000155828",
            "testingType": "普筛",
            "sampleType": "口咽拭子",
            "isNeedReport": "null"
        },
        {
            "participantId": 144240,
            "userId": "11_ot0nq6gNwgTPSquJp8fA4BP6DZz4",
            "participantName": "雷晓冬",
            "participantType": null,
            "userRlt": "本人",
            "granderName": "男",
            "idcardType": "居民身份证",
            "idcardCode": "610525199511292519",
            "birthDate": "1995-11-29",
            "ageNum": 26,
            "mobileNo": "17691109290",
            "testingLocation": "南京迪飞总部实验室",
            "testingCt": null,
            "testingNum": null,
            "isValid": "1",
            "remarks": null,
            "createdBy": "11_ot0nq6gNwgTPSquJp8fA4BP6DZz4",
            "createdByName": null,
            "creationDate": "2022-05-26T03:09:49.825Z",
            "modBy": "11_ot0nq6gNwgTPSquJp8fA4BP6DZz4",
            "modByName": null,
            "modDate": "2022-05-26T03:09:49.825Z",
            "boxNo": "BX00008713",
            "sampleNo": "DF0000155828",
            "testingType": "普筛",
            "sampleType": "口咽拭子",
            "isNeedReport": "null"
        }
    ],
    "DF0000072910": [
        {
            "participantId": 144243,
            "userId": "11_ot0nq6lr-yUGxnbGf7lF1hFc2tlU",
            "participantName": "张伟",
            "participantType": null,
            "userRlt": "本人",
            "granderName": "男",
            "idcardType": "居民身份证",
            "idcardCode": "320121198408154539",
            "birthDate": "1984-08-15",
            "ageNum": 37,
            "mobileNo": "18114483515",
            "testingLocation": "南京迪飞总部实验室",
            "testingCt": null,
            "testingNum": null,
            "isValid": "1",
            "remarks": null,
            "createdBy": "11_ot0nq6lr-yUGxnbGf7lF1hFc2tlU",
            "createdByName": null,
            "creationDate": "2022-05-26T03:10:00.024Z",
            "modBy": "11_ot0nq6lr-yUGxnbGf7lF1hFc2tlU",
            "modByName": null,
            "modDate": "2022-05-26T03:10:00.024Z",
            "boxNo": "BX00008713",
            "sampleNo": "DF0000072910",
            "testingType": "普筛",
            "sampleType": "口咽拭子",
            "isNeedReport": "null"
        },
        {
            "participantId": 144241,
            "userId": "11_ot0nq6tWI06GXUU4nuVt3290xT3c",
            "participantName": "赵智翔",
            "participantType": null,
            "userRlt": "本人",
            "granderName": "男",
            "idcardType": "居民身份证",
            "idcardCode": "320621199901273517",
            "birthDate": "1999-01-27",
            "ageNum": 23,
            "mobileNo": "18912204739",
            "testingLocation": "南京迪飞总部实验室",
            "testingCt": null,
            "testingNum": null,
            "isValid": "1",
            "remarks": null,
            "createdBy": "11_ot0nq6tWI06GXUU4nuVt3290xT3c",
            "createdByName": null,
            "creationDate": "2022-05-26T03:09:53.481Z",
            "modBy": "11_ot0nq6tWI06GXUU4nuVt3290xT3c",
            "modByName": null,
            "modDate": "2022-05-26T03:09:53.481Z",
            "boxNo": "BX00008713",
            "sampleNo": "DF0000072910",
            "testingType": "普筛",
            "sampleType": "口咽拭子",
            "isNeedReport": "null"
        },
        {
            "participantId": 144259,
            "userId": "11_ot0nq6itBRIudWf0oTijLu8xPZm8",
            "participantName": "谷小雨",
            "participantType": null,
            "userRlt": "本人",
            "granderName": "男",
            "idcardType": "居民身份证",
            "idcardCode": "51192320030403333x",
            "birthDate": "2003-04-03",
            "ageNum": 19,
            "mobileNo": "18795902504",
            "testingLocation": "南京迪飞总部实验室",
            "testingCt": null,
            "testingNum": null,
            "isValid": "1",
            "remarks": "",
            "createdBy": "11_ot0nq6itBRIudWf0oTijLu8xPZm8",
            "createdByName": null,
            "creationDate": "2022-05-26T03:14:35.974Z",
            "modBy": "11_ot0nq6itBRIudWf0oTijLu8xPZm8",
            "modByName": null,
            "modDate": "2022-05-26T03:14:35.974Z",
            "boxNo": "BX00008713",
            "sampleNo": "DF0000072910",
            "testingType": "普筛",
            "sampleType": "口咽拭子",
            "isNeedReport": "null"
        },
        {
            "participantId": 144260,
            "userId": "11_ot0nq6hTr68YZ5dpXiE7wlq5pnN8",
            "participantName": "张旭曼",
            "participantType": null,
            "userRlt": "本人",
            "granderName": "女",
            "idcardType": "居民身份证",
            "idcardCode": "410922199905052441",
            "birthDate": "1999-05-05",
            "ageNum": 23,
            "mobileNo": "15738012566",
            "testingLocation": "南京迪飞总部实验室",
            "testingCt": null,
            "testingNum": null,
            "isValid": "1",
            "remarks": null,
            "createdBy": "11_ot0nq6hTr68YZ5dpXiE7wlq5pnN8",
            "createdByName": null,
            "creationDate": "2022-05-26T03:17:28.822Z",
            "modBy": "11_ot0nq6hTr68YZ5dpXiE7wlq5pnN8",
            "modByName": null,
            "modDate": "2022-05-26T03:17:28.822Z",
            "boxNo": "BX00008713",
            "sampleNo": "DF0000072910",
            "testingType": "普筛",
            "sampleType": "口咽拭子",
            "isNeedReport": "null"
        },
        {
            "participantId": 144261,
            "userId": "11_ot0nq6vXKO_-02roaXMYlTmpoO_Q",
            "participantName": "高成杨",
            "participantType": null,
            "userRlt": "本人",
            "granderName": "男",
            "idcardType": "居民身份证",
            "idcardCode": "321324199402134612",
            "birthDate": "1994-02-13",
            "ageNum": 28,
            "mobileNo": "17766272444",
            "testingLocation": "南京迪飞总部实验室",
            "testingCt": null,
            "testingNum": null,
            "isValid": "1",
            "remarks": null,
            "createdBy": "11_ot0nq6vXKO_-02roaXMYlTmpoO_Q",
            "createdByName": null,
            "creationDate": "2022-05-26T03:17:33.718Z",
            "modBy": "11_ot0nq6vXKO_-02roaXMYlTmpoO_Q",
            "modByName": null,
            "modDate": "2022-05-26T03:17:33.718Z",
            "boxNo": "BX00008713",
            "sampleNo": "DF0000072910",
            "testingType": "普筛",
            "sampleType": "口咽拭子",
            "isNeedReport": "null"
        },
        {
            "participantId": 144263,
            "userId": "11_ot0nq6mmEed9NQNbZxUMIp1klaYI",
            "participantName": "付旭东",
            "participantType": null,
            "userRlt": "本人",
            "granderName": "男",
            "idcardType": "居民身份证",
            "idcardCode": "522126200208067095",
            "birthDate": "2002-08-06",
            "ageNum": 19,
            "mobileNo": "13221599661",
            "testingLocation": "南京迪飞总部实验室",
            "testingCt": null,
            "testingNum": null,
            "isValid": "1",
            "remarks": null,
            "createdBy": "11_ot0nq6mmEed9NQNbZxUMIp1klaYI",
            "createdByName": null,
            "creationDate": "2022-05-26T03:17:53.666Z",
            "modBy": "11_ot0nq6mmEed9NQNbZxUMIp1klaYI",
            "modByName": null,
            "modDate": "2022-05-26T03:17:53.666Z",
            "boxNo": "BX00008713",
            "sampleNo": "DF0000072910",
            "testingType": "普筛",
            "sampleType": "口咽拭子",
            "isNeedReport": "null"
        },
        {
            "participantId": 144262,
            "userId": "11_ot0nq6vIsjPdemNkt5n7VLG4aMic",
            "participantName": "刘昀冲",
            "participantType": null,
            "userRlt": "本人",
            "granderName": "男",
            "idcardType": "居民身份证",
            "idcardCode": "321282199410080093",
            "birthDate": "1994-10-08",
            "ageNum": 27,
            "mobileNo": "15852995299",
            "testingLocation": "南京迪飞总部实验室",
            "testingCt": null,
            "testingNum": null,
            "isValid": "1",
            "remarks": "",
            "createdBy": "11_ot0nq6vIsjPdemNkt5n7VLG4aMic",
            "createdByName": null,
            "creationDate": "2022-05-26T03:17:37.064Z",
            "modBy": "11_ot0nq6vIsjPdemNkt5n7VLG4aMic",
            "modByName": null,
            "modDate": "2022-05-26T03:17:37.064Z",
            "boxNo": "BX00008713",
            "sampleNo": "DF0000072910",
            "testingType": "普筛",
            "sampleType": "口咽拭子",
            "isNeedReport": "null"
        },
        {
            "participantId": 28285,
            "userId": "11_ot0nq6lBfgF67PpgU5zk2SrhF3lE",
            "participantName": "魏萌萌",
            "participantType": null,
            "userRlt": "本人",
            "granderName": "女",
            "idcardType": "居民身份证",
            "idcardCode": "340621199310108847",
            "birthDate": "1993-10-10",
            "ageNum": 28,
            "mobileNo": "18709832650",
            "testingLocation": "南京迪飞总部实验室",
            "testingCt": null,
            "testingNum": null,
            "isValid": "1",
            "remarks": "",
            "createdBy": "11_ot0nq6lBfgF67PpgU5zk2SrhF3lE",
            "createdByName": null,
            "creationDate": "2022-01-28T03:47:44.440Z",
            "modBy": "11_ot0nq6lBfgF67PpgU5zk2SrhF3lE",
            "modByName": null,
            "modDate": "2022-01-28T03:47:44.440Z",
            "boxNo": "BX00008713",
            "sampleNo": "DF0000072910",
            "testingType": "普筛",
            "sampleType": "口咽拭子",
            "isNeedReport": "null"
        },
        {
            "participantId": 144271,
            "userId": "11_ot0nq6o03QgxGnkWmZTDMyY8rWRE",
            "participantName": "张雨瑶",
            "participantType": null,
            "userRlt": "本人",
            "granderName": "女",
            "idcardType": "居民身份证",
            "idcardCode": "370881199910012024",
            "birthDate": "1999-10-01",
            "ageNum": 22,
            "mobileNo": "15853700042",
            "testingLocation": "南京迪飞总部实验室",
            "testingCt": null,
            "testingNum": null,
            "isValid": "1",
            "remarks": null,
            "createdBy": "11_ot0nq6o03QgxGnkWmZTDMyY8rWRE",
            "createdByName": null,
            "creationDate": "2022-05-26T03:25:35.679Z",
            "modBy": "11_ot0nq6o03QgxGnkWmZTDMyY8rWRE",
            "modByName": null,
            "modDate": "2022-05-26T03:25:35.679Z",
            "boxNo": "BX00008713",
            "sampleNo": "DF0000072910",
            "testingType": "普筛",
            "sampleType": "口咽拭子",
            "isNeedReport": "null"
        },
        {
            "participantId": 144272,
            "userId": "11_ot0nq6k4KXnRLrJ5E_5USSWtT0_c",
            "participantName": "龚金昌",
            "participantType": null,
            "userRlt": "本人",
            "granderName": "男",
            "idcardType": "居民身份证",
            "idcardCode": "341181198408031812",
            "birthDate": "1984-08-03",
            "ageNum": 37,
            "mobileNo": "13685507202",
            "testingLocation": "南京迪飞总部实验室",
            "testingCt": null,
            "testingNum": null,
            "isValid": "1",
            "remarks": null,
            "createdBy": "11_ot0nq6k4KXnRLrJ5E_5USSWtT0_c",
            "createdByName": null,
            "creationDate": "2022-05-26T03:27:15.049Z",
            "modBy": "11_ot0nq6k4KXnRLrJ5E_5USSWtT0_c",
            "modByName": null,
            "modDate": "2022-05-26T03:27:15.049Z",
            "boxNo": "BX00008713",
            "sampleNo": "DF0000072910",
            "testingType": "普筛",
            "sampleType": "口咽拭子",
            "isNeedReport": "null"
        }
    ],
    "DF0000155838": [
        {
            "participantId": 144277,
            "userId": "11_ot0nq6iWBCiH206O9si98rHORfRA",
            "participantName": "韦晨曦",
            "participantType": null,
            "userRlt": "本人",
            "granderName": "女",
            "idcardType": "居民身份证",
            "idcardCode": "320103199906012025",
            "birthDate": "1999-06-01",
            "ageNum": 22,
            "mobileNo": "15722420360",
            "testingLocation": "南京迪飞总部实验室",
            "testingCt": null,
            "testingNum": null,
            "isValid": "1",
            "remarks": "",
            "createdBy": "11_ot0nq6iWBCiH206O9si98rHORfRA",
            "createdByName": null,
            "creationDate": "2022-05-26T03:31:52.633Z",
            "modBy": "11_ot0nq6iWBCiH206O9si98rHORfRA",
            "modByName": null,
            "modDate": "2022-05-26T03:31:52.633Z",
            "boxNo": "BX00008713",
            "sampleNo": "DF0000155838",
            "testingType": "普筛",
            "sampleType": "口咽拭子",
            "isNeedReport": "null"
        },
        {
            "participantId": 52410,
            "userId": "11_ot0nq6pOCvqRaTqAZ50CGThwmHcI",
            "participantName": "葛捍卫",
            "participantType": null,
            "userRlt": "本人",
            "granderName": "男",
            "idcardType": "居民身份证",
            "idcardCode": "15222319670117831X",
            "birthDate": "1967-01-17",
            "ageNum": 55,
            "mobileNo": "13851411626",
            "testingLocation": "南京迪飞总部实验室",
            "testingCt": null,
            "testingNum": null,
            "isValid": "1",
            "remarks": null,
            "createdBy": "11_ot0nq6pOCvqRaTqAZ50CGThwmHcI",
            "createdByName": null,
            "creationDate": "2022-04-25T03:45:14.668Z",
            "modBy": "11_ot0nq6pOCvqRaTqAZ50CGThwmHcI",
            "modByName": null,
            "modDate": "2022-04-25T03:45:14.668Z",
            "boxNo": "BX00008713",
            "sampleNo": "DF0000155838",
            "testingType": "普筛",
            "sampleType": "口咽拭子",
            "isNeedReport": "null"
        },
        {
            "participantId": 52411,
            "userId": "11_ot0nq6oDvXVgNhD8MnvEbNjD8WI4",
            "participantName": "程为栋",
            "participantType": null,
            "userRlt": "本人",
            "granderName": "男",
            "idcardType": "居民身份证",
            "idcardCode": "320122196807240415",
            "birthDate": "1968-07-24",
            "ageNum": 53,
            "mobileNo": "15951843421",
            "testingLocation": "南京迪飞总部实验室",
            "testingCt": null,
            "testingNum": null,
            "isValid": "1",
            "remarks": null,
            "createdBy": "11_ot0nq6oDvXVgNhD8MnvEbNjD8WI4",
            "createdByName": null,
            "creationDate": "2022-04-25T03:45:49.796Z",
            "modBy": "11_ot0nq6oDvXVgNhD8MnvEbNjD8WI4",
            "modByName": null,
            "modDate": "2022-04-25T03:45:49.796Z",
            "boxNo": "BX00008713",
            "sampleNo": "DF0000155838",
            "testingType": "普筛",
            "sampleType": "口咽拭子",
            "isNeedReport": "null"
        },
        {
            "participantId": 144280,
            "userId": "11_ot0nq6g63h28blScvZcfTzIjsawo",
            "participantName": "杨荣鑫",
            "participantType": null,
            "userRlt": "本人",
            "granderName": "男",
            "idcardType": "居民身份证",
            "idcardCode": "321081197401081514",
            "birthDate": "1974-01-08",
            "ageNum": 48,
            "mobileNo": "15605149056",
            "testingLocation": "南京迪飞总部实验室",
            "testingCt": null,
            "testingNum": null,
            "isValid": "1",
            "remarks": null,
            "createdBy": "11_ot0nq6g63h28blScvZcfTzIjsawo",
            "createdByName": null,
            "creationDate": "2022-05-26T03:38:50.559Z",
            "modBy": "11_ot0nq6g63h28blScvZcfTzIjsawo",
            "modByName": null,
            "modDate": "2022-05-26T03:38:50.559Z",
            "boxNo": "BX00008713",
            "sampleNo": "DF0000155838",
            "testingType": "普筛",
            "sampleType": "口咽拭子",
            "isNeedReport": "null"
        },
        {
            "participantId": 28914,
            "userId": "11_ot0nq6p5azAmgVTyEAygx1LHhbXw",
            "participantName": "张玉",
            "participantType": null,
            "userRlt": "本人",
            "granderName": "男",
            "idcardType": "居民身份证",
            "idcardCode": "340323199107054771",
            "birthDate": "1991-07-05",
            "ageNum": 30,
            "mobileNo": "17755215231",
            "testingLocation": "南京迪飞总部实验室",
            "testingCt": null,
            "testingNum": null,
            "isValid": "1",
            "remarks": "",
            "createdBy": "11_ot0nq6p5azAmgVTyEAygx1LHhbXw",
            "createdByName": null,
            "creationDate": "2022-02-08T02:54:59.240Z",
            "modBy": "11_ot0nq6p5azAmgVTyEAygx1LHhbXw",
            "modByName": null,
            "modDate": "2022-02-08T02:54:59.240Z",
            "boxNo": "BX00008713",
            "sampleNo": "DF0000155838",
            "testingType": "普筛",
            "sampleType": "口咽拭子",
            "isNeedReport": "null"
        },
        {
            "participantId": 144287,
            "userId": "11_ot0nq6v-xwgX6BMSVCxtdEBZfrrU",
            "participantName": "潘志强",
            "participantType": null,
            "userRlt": "本人",
            "granderName": "男",
            "idcardType": "居民身份证",
            "idcardCode": "320123198710061635",
            "birthDate": "1987-10-06",
            "ageNum": 34,
            "mobileNo": "13605165753",
            "testingLocation": "南京迪飞总部实验室",
            "testingCt": null,
            "testingNum": null,
            "isValid": "1",
            "remarks": null,
            "createdBy": "11_ot0nq6v-xwgX6BMSVCxtdEBZfrrU",
            "createdByName": null,
            "creationDate": "2022-05-26T03:44:58.078Z",
            "modBy": "11_ot0nq6v-xwgX6BMSVCxtdEBZfrrU",
            "modByName": null,
            "modDate": "2022-05-26T03:44:58.078Z",
            "boxNo": "BX00008713",
            "sampleNo": "DF0000155838",
            "testingType": "普筛",
            "sampleType": "口咽拭子",
            "isNeedReport": "null"
        },
        {
            "participantId": 53163,
            "userId": "11_ot0nq6reo8BQ23pN-E322ZbEG2Eg",
            "participantName": "费群贵",
            "participantType": null,
            "userRlt": "本人",
            "granderName": "男",
            "idcardType": "居民身份证",
            "idcardCode": "342324196507110212",
            "birthDate": "1965-07-11",
            "ageNum": 56,
            "mobileNo": "13951741879",
            "testingLocation": "南京迪飞总部实验室",
            "testingCt": null,
            "testingNum": null,
            "isValid": "1",
            "remarks": null,
            "createdBy": "11_ot0nq6reo8BQ23pN-E322ZbEG2Eg",
            "createdByName": null,
            "creationDate": "2022-04-27T09:56:27.975Z",
            "modBy": "11_ot0nq6reo8BQ23pN-E322ZbEG2Eg",
            "modByName": null,
            "modDate": "2022-04-27T09:56:27.975Z",
            "boxNo": "BX00008713",
            "sampleNo": "DF0000155838",
            "testingType": "普筛",
            "sampleType": "口咽拭子",
            "isNeedReport": "null"
        },
        {
            "participantId": 138744,
            "userId": "11_ot0nq6qJKwdv4xbJ4z4cTyvd5Ss0",
            "participantName": "谢霞",
            "participantType": null,
            "userRlt": "本人",
            "granderName": "女",
            "idcardType": "居民身份证",
            "idcardCode": "341122198609122024",
            "birthDate": "1986-09-12",
            "ageNum": 35,
            "mobileNo": "15996242463",
            "testingLocation": "南京迪飞总部实验室",
            "testingCt": null,
            "testingNum": null,
            "isValid": "1",
            "remarks": null,
            "createdBy": "11_ot0nq6qJKwdv4xbJ4z4cTyvd5Ss0",
            "createdByName": null,
            "creationDate": "2022-05-19T10:10:58.522Z",
            "modBy": "11_ot0nq6qJKwdv4xbJ4z4cTyvd5Ss0",
            "modByName": null,
            "modDate": "2022-05-19T10:10:58.522Z",
            "boxNo": "BX00008713",
            "sampleNo": "DF0000155838",
            "testingType": "普筛",
            "sampleType": "口咽拭子",
            "isNeedReport": "null"
        },
        {
            "participantId": 144298,
            "userId": "11_ot0nq6hR0I14YTm_TpEE0QMkBgAk",
            "participantName": "刘小玲",
            "participantType": null,
            "userRlt": "本人",
            "granderName": "女",
            "idcardType": "居民身份证",
            "idcardCode": "620121198106303528",
            "birthDate": "1981-06-30",
            "ageNum": 40,
            "mobileNo": "15088516126",
            "testingLocation": "南京迪飞总部实验室",
            "testingCt": null,
            "testingNum": null,
            "isValid": "1",
            "remarks": null,
            "createdBy": "11_ot0nq6hR0I14YTm_TpEE0QMkBgAk",
            "createdByName": null,
            "creationDate": "2022-05-26T03:55:49.193Z",
            "modBy": "11_ot0nq6hR0I14YTm_TpEE0QMkBgAk",
            "modByName": null,
            "modDate": "2022-05-26T03:55:49.193Z",
            "boxNo": "BX00008713",
            "sampleNo": "DF0000155838",
            "testingType": "普筛",
            "sampleType": "口咽拭子",
            "isNeedReport": "null"
        },
        {
            "participantId": 144299,
            "userId": "11_ot0nq6gQKBv8qc4otEvXo8rvlDLQ",
            "participantName": "余霖",
            "participantType": null,
            "userRlt": "本人",
            "granderName": "男",
            "idcardType": "居民身份证",
            "idcardCode": "320122198704070838",
            "birthDate": "1987-04-07",
            "ageNum": 35,
            "mobileNo": "13814516312",
            "testingLocation": "南京迪飞总部实验室",
            "testingCt": null,
            "testingNum": null,
            "isValid": "1",
            "remarks": null,
            "createdBy": "11_ot0nq6gQKBv8qc4otEvXo8rvlDLQ",
            "createdByName": null,
            "creationDate": "2022-05-26T03:55:55.920Z",
            "modBy": "11_ot0nq6gQKBv8qc4otEvXo8rvlDLQ",
            "modByName": null,
            "modDate": "2022-05-26T03:55:55.920Z",
            "boxNo": "BX00008713",
            "sampleNo": "DF0000155838",
            "testingType": "普筛",
            "sampleType": "口咽拭子",
            "isNeedReport": "null"
        }
    ],
    "DF0000072916": [
        {
            "participantId": 144297,
            "userId": "11_ot0nq6jl0tkTiykNNwweavTGhSzc",
            "participantName": "杨可心",
            "participantType": null,
            "userRlt": "本人",
            "granderName": "男",
            "idcardType": "居民身份证",
            "idcardCode": "232321199705189311",
            "birthDate": "1997-05-18",
            "ageNum": 25,
            "mobileNo": "17521282245",
            "testingLocation": "南京迪飞总部实验室",
            "testingCt": null,
            "testingNum": null,
            "isValid": "1",
            "remarks": null,
            "createdBy": "11_ot0nq6jl0tkTiykNNwweavTGhSzc",
            "createdByName": null,
            "creationDate": "2022-05-26T03:55:29.460Z",
            "modBy": "11_ot0nq6jl0tkTiykNNwweavTGhSzc",
            "modByName": null,
            "modDate": "2022-05-26T03:55:29.460Z",
            "boxNo": "BX00008713",
            "sampleNo": "DF0000072916",
            "testingType": "普筛",
            "sampleType": "口咽拭子",
            "isNeedReport": "null"
        },
        {
            "participantId": 144296,
            "userId": "11_ot0nq6gH1RHBDQI9S4-Ad-EIBjZw",
            "participantName": "蔡晓嫒",
            "participantType": null,
            "userRlt": "本人",
            "granderName": "女",
            "idcardType": "居民身份证",
            "idcardCode": "222424199007043027",
            "birthDate": "1990-07-04",
            "ageNum": 31,
            "mobileNo": "18052041535",
            "testingLocation": "南京迪飞总部实验室",
            "testingCt": null,
            "testingNum": null,
            "isValid": "1",
            "remarks": null,
            "createdBy": "11_ot0nq6gH1RHBDQI9S4-Ad-EIBjZw",
            "createdByName": null,
            "creationDate": "2022-05-26T03:55:25.396Z",
            "modBy": "11_ot0nq6gH1RHBDQI9S4-Ad-EIBjZw",
            "modByName": null,
            "modDate": "2022-05-26T03:55:25.396Z",
            "boxNo": "BX00008713",
            "sampleNo": "DF0000072916",
            "testingType": "普筛",
            "sampleType": "口咽拭子",
            "isNeedReport": "null"
        },
        {
            "participantId": 143540,
            "userId": "11_ot0nq6t9A_7fnMDbI4hVkvrExM6o",
            "participantName": "吴升",
            "participantType": null,
            "userRlt": "本人",
            "granderName": "男",
            "idcardType": "居民身份证",
            "idcardCode": "340521199309175633",
            "birthDate": "1993-09-17",
            "ageNum": 28,
            "mobileNo": "17326111719",
            "testingLocation": "南京迪飞总部实验室",
            "testingCt": null,
            "testingNum": null,
            "isValid": "1",
            "remarks": null,
            "createdBy": "11_ot0nq6t9A_7fnMDbI4hVkvrExM6o",
            "createdByName": null,
            "creationDate": "2022-05-25T03:36:35.365Z",
            "modBy": "11_ot0nq6t9A_7fnMDbI4hVkvrExM6o",
            "modByName": null,
            "modDate": "2022-05-25T03:36:35.365Z",
            "boxNo": "BX00008713",
            "sampleNo": "DF0000072916",
            "testingType": "普筛",
            "sampleType": "口咽拭子",
            "isNeedReport": "null"
        },
        {
            "participantId": 144300,
            "userId": "11_ot0nq6hJax7WmZwhbcLdFmIKkGVY",
            "participantName": "江维",
            "participantType": null,
            "userRlt": "本人",
            "granderName": "男",
            "idcardType": "居民身份证",
            "idcardCode": "320123198709280013",
            "birthDate": "1987-09-28",
            "ageNum": 34,
            "mobileNo": "13951900511",
            "testingLocation": "南京迪飞总部实验室",
            "testingCt": null,
            "testingNum": null,
            "isValid": "1",
            "remarks": null,
            "createdBy": "11_ot0nq6hJax7WmZwhbcLdFmIKkGVY",
            "createdByName": null,
            "creationDate": "2022-05-26T03:56:12.948Z",
            "modBy": "11_ot0nq6hJax7WmZwhbcLdFmIKkGVY",
            "modByName": null,
            "modDate": "2022-05-26T03:56:12.948Z",
            "boxNo": "BX00008713",
            "sampleNo": "DF0000072916",
            "testingType": "普筛",
            "sampleType": "口咽拭子",
            "isNeedReport": "null"
        },
        {
            "participantId": 144302,
            "userId": "11_ot0nq6qGnLB7RDII8yjyxRdajrgI",
            "participantName": "林朝南",
            "participantType": null,
            "userRlt": "本人",
            "granderName": "男",
            "idcardType": "居民身份证",
            "idcardCode": "350625200004280019",
            "birthDate": "2000-04-28",
            "ageNum": 22,
            "mobileNo": "18196250001",
            "testingLocation": "南京迪飞总部实验室",
            "testingCt": null,
            "testingNum": null,
            "isValid": "1",
            "remarks": null,
            "createdBy": "11_ot0nq6qGnLB7RDII8yjyxRdajrgI",
            "createdByName": null,
            "creationDate": "2022-05-26T04:00:15.804Z",
            "modBy": "11_ot0nq6qGnLB7RDII8yjyxRdajrgI",
            "modByName": null,
            "modDate": "2022-05-26T04:00:15.804Z",
            "boxNo": "BX00008713",
            "sampleNo": "DF0000072916",
            "testingType": "普筛",
            "sampleType": "口咽拭子",
            "isNeedReport": "null"
        },
        {
            "participantId": 144304,
            "userId": "11_ot0nq6h5zUOMZKZhte8FaC0HtMB4",
            "participantName": "韩望",
            "participantType": null,
            "userRlt": "本人",
            "granderName": "男",
            "idcardType": "居民身份证",
            "idcardCode": "522423199708248011",
            "birthDate": "1997-08-24",
            "ageNum": 24,
            "mobileNo": "17586522779",
            "testingLocation": "南京迪飞总部实验室",
            "testingCt": null,
            "testingNum": null,
            "isValid": "1",
            "remarks": null,
            "createdBy": "11_ot0nq6h5zUOMZKZhte8FaC0HtMB4",
            "createdByName": null,
            "creationDate": "2022-05-26T04:00:51.468Z",
            "modBy": "11_ot0nq6h5zUOMZKZhte8FaC0HtMB4",
            "modByName": null,
            "modDate": "2022-05-26T04:00:51.468Z",
            "boxNo": "BX00008713",
            "sampleNo": "DF0000072916",
            "testingType": "普筛",
            "sampleType": "口咽拭子",
            "isNeedReport": "null"
        },
        {
            "participantId": 144303,
            "userId": "11_ot0nq6orlEFJKfhJ9HE8aOmh51q4",
            "participantName": "胡芳琴",
            "participantType": null,
            "userRlt": "本人",
            "granderName": "女",
            "idcardType": "居民身份证",
            "idcardCode": "522423199904200867",
            "birthDate": "1999-04-20",
            "ageNum": 23,
            "mobileNo": "18786545259",
            "testingLocation": "南京迪飞总部实验室",
            "testingCt": null,
            "testingNum": null,
            "isValid": "1",
            "remarks": null,
            "createdBy": "11_ot0nq6orlEFJKfhJ9HE8aOmh51q4",
            "createdByName": null,
            "creationDate": "2022-05-26T04:00:48.058Z",
            "modBy": "11_ot0nq6orlEFJKfhJ9HE8aOmh51q4",
            "modByName": null,
            "modDate": "2022-05-26T04:00:48.058Z",
            "boxNo": "BX00008713",
            "sampleNo": "DF0000072916",
            "testingType": "普筛",
            "sampleType": "口咽拭子",
            "isNeedReport": "null"
        },
        {
            "participantId": 144305,
            "userId": "11_ot0nq6v63PrUFxSGz3A2rGrMssUU",
            "participantName": "潘一伦",
            "participantType": null,
            "userRlt": "本人",
            "granderName": "男",
            "idcardType": "居民身份证",
            "idcardCode": "321323199812104970",
            "birthDate": "1998-12-10",
            "ageNum": 23,
            "mobileNo": "18626343260",
            "testingLocation": "南京迪飞总部实验室",
            "testingCt": null,
            "testingNum": null,
            "isValid": "1",
            "remarks": null,
            "createdBy": "11_ot0nq6v63PrUFxSGz3A2rGrMssUU",
            "createdByName": null,
            "creationDate": "2022-05-26T04:01:18.920Z",
            "modBy": "11_ot0nq6v63PrUFxSGz3A2rGrMssUU",
            "modByName": null,
            "modDate": "2022-05-26T04:01:18.920Z",
            "boxNo": "BX00008713",
            "sampleNo": "DF0000072916",
            "testingType": "普筛",
            "sampleType": "口咽拭子",
            "isNeedReport": "null"
        },
        {
            "participantId": 144306,
            "userId": "11_ot0nq6uywsahBtLLfT21PKnuV3sE",
            "participantName": "信瑞阳",
            "participantType": null,
            "userRlt": "本人",
            "granderName": "男",
            "idcardType": "居民身份证",
            "idcardCode": "320123200402190814",
            "birthDate": "2004-02-19",
            "ageNum": 18,
            "mobileNo": "13912908048",
            "testingLocation": "南京迪飞总部实验室",
            "testingCt": null,
            "testingNum": null,
            "isValid": "1",
            "remarks": null,
            "createdBy": "11_ot0nq6uywsahBtLLfT21PKnuV3sE",
            "createdByName": null,
            "creationDate": "2022-05-26T04:02:31.790Z",
            "modBy": "11_ot0nq6uywsahBtLLfT21PKnuV3sE",
            "modByName": null,
            "modDate": "2022-05-26T04:02:31.790Z",
            "boxNo": "BX00008713",
            "sampleNo": "DF0000072916",
            "testingType": "普筛",
            "sampleType": "口咽拭子",
            "isNeedReport": "null"
        },
        {
            "participantId": 144307,
            "userId": "11_ot0nq6jSx5RzfobSRfBZA1B4PGu0",
            "participantName": "葛亮",
            "participantType": null,
            "userRlt": "本人",
            "granderName": "男",
            "idcardType": "居民身份证",
            "idcardCode": "320123200403131437",
            "birthDate": "2004-03-13",
            "ageNum": 18,
            "mobileNo": "15195829428",
            "testingLocation": "南京迪飞总部实验室",
            "testingCt": null,
            "testingNum": null,
            "isValid": "1",
            "remarks": null,
            "createdBy": "11_ot0nq6jSx5RzfobSRfBZA1B4PGu0",
            "createdByName": null,
            "creationDate": "2022-05-26T04:02:37.374Z",
            "modBy": "11_ot0nq6jSx5RzfobSRfBZA1B4PGu0",
            "modByName": null,
            "modDate": "2022-05-26T04:02:37.374Z",
            "boxNo": "BX00008713",
            "sampleNo": "DF0000072916",
            "testingType": "普筛",
            "sampleType": "口咽拭子",
            "isNeedReport": "null"
        }
    ],
    "DF0000072917": [
        {
            "participantId": 138976,
            "userId": "11_ot0nq6nnExMnVdq51ZZY6RIVoC9U",
            "participantName": "聂敏",
            "participantType": null,
            "userRlt": "本人",
            "granderName": "女",
            "idcardType": "居民身份证",
            "idcardCode": "320111198705214822",
            "birthDate": "1987-05-21",
            "ageNum": 35,
            "mobileNo": "15301595309",
            "testingLocation": "南京迪飞总部实验室",
            "testingCt": null,
            "testingNum": null,
            "isValid": "1",
            "remarks": null,
            "createdBy": "11_ot0nq6nnExMnVdq51ZZY6RIVoC9U",
            "createdByName": null,
            "creationDate": "2022-05-20T03:56:39.993Z",
            "modBy": "11_ot0nq6nnExMnVdq51ZZY6RIVoC9U",
            "modByName": null,
            "modDate": "2022-05-20T03:56:39.993Z",
            "boxNo": "BX00008713",
            "sampleNo": "DF0000072917",
            "testingType": "普筛",
            "sampleType": "口咽拭子",
            "isNeedReport": "null"
        }
    ]
}