{
    "DF0000155824": [
        {
            "participantId": 54820,
            "userId": "11_ot0nq6iAGZXlVp2IqriMnguCmAPw",
            "participantName": "张从明",
            "participantType": null,
            "userRlt": "本人",
            "granderName": "男",
            "idcardType": "居民身份证",
            "idcardCode": "341122198611252215",
            "birthDate": "1986-11-25",
            "ageNum": 35,
            "mobileNo": "15094302868",
            "testingLocation": "迪飞医学商业采样点",
            "testingCt": null,
            "testingNum": null,
            "isValid": "1",
            "remarks": "",
            "createdBy": "11_ot0nq6iAGZXlVp2IqriMnguCmAPw",
            "createdByName": null,
            "creationDate": "2022-05-04T09:50:41.260Z",
            "modBy": "11_ot0nq6iAGZXlVp2IqriMnguCmAPw",
            "modByName": null,
            "modDate": "2022-05-04T09:50:41.260Z",
            "boxNo": "BX00006863",
            "sampleNo": "DF0000155824",
            "testingType": "普筛",
            "sampleType": "口咽拭子",
            "isNeedReport": null
        }
    ]
}