{
    "DF0000061371": [
        {
            "participantId": 50571,
            "userId": "11_ot0nq6oXeQxYlA4PYEJGSf66e3JM",
            "participantName": "许威",
            "participantType": null,
            "userRlt": "本人",
            "granderName": "男",
            "idcardType": "居民身份证",
            "idcardCode": "32038219950531001X",
            "birthDate": "1995-05-31",
            "ageNum": 26,
            "mobileNo": "15651716518",
            "testingLocation": "南京迪飞总部实验室",
            "testingCt": null,
            "testingNum": null,
            "isValid": "1",
            "remarks": null,
            "createdBy": "11_ot0nq6oXeQxYlA4PYEJGSf66e3JM",
            "createdByName": null,
            "creationDate": "2022-03-22T07:46:35.199Z",
            "modBy": "11_ot0nq6oXeQxYlA4PYEJGSf66e3JM",
            "modByName": null,
            "modDate": "2022-03-22T07:46:35.199Z",
            "boxNo": "BX00008711",
            "sampleNo": "DF0000061371",
            "testingType": "普筛",
            "sampleType": "口咽拭子",
            "isNeedReport": "null"
        },
        {
            "participantId": 28527,
            "userId": "11_ot0nq6jND8xTjAgwtWsNjXqg1gMg",
            "participantName": "何伟明",
            "participantType": null,
            "userRlt": "本人",
            "granderName": "男",
            "idcardType": "居民身份证",
            "idcardCode": "342623199708027574",
            "birthDate": "1997-08-02",
            "ageNum": 24,
            "mobileNo": "18895381381",
            "testingLocation": "南京迪飞总部实验室",
            "testingCt": null,
            "testingNum": null,
            "isValid": "1",
            "remarks": "",
            "createdBy": "11_ot0nq6jND8xTjAgwtWsNjXqg1gMg",
            "createdByName": null,
            "creationDate": "2022-01-30T03:50:09.899Z",
            "modBy": "11_ot0nq6jND8xTjAgwtWsNjXqg1gMg",
            "modByName": null,
            "modDate": "2022-01-30T03:50:09.899Z",
            "boxNo": "BX00008711",
            "sampleNo": "DF0000061371",
            "testingType": "普筛",
            "sampleType": "口咽拭子",
            "isNeedReport": "null"
        },
        {
            "participantId": 4478,
            "userId": "11_ot0nq6pLYmd8sYWEMSOBDvtHE5cY",
            "participantName": "周琳",
            "participantType": null,
            "userRlt": "本人",
            "granderName": "女",
            "idcardType": "居民身份证",
            "idcardCode": "321284199311070829",
            "birthDate": "1993-11-07",
            "ageNum": 28,
            "mobileNo": "18252057112",
            "testingLocation": "南京迪飞总部实验室",
            "testingCt": null,
            "testingNum": null,
            "isValid": "1",
            "remarks": null,
            "createdBy": "11_ot0nq6pLYmd8sYWEMSOBDvtHE5cY",
            "createdByName": null,
            "creationDate": "2021-11-11T03:11:07.470Z",
            "modBy": "11_ot0nq6pLYmd8sYWEMSOBDvtHE5cY",
            "modByName": null,
            "modDate": "2022-04-02T03:37:52.800Z",
            "boxNo": "BX00008711",
            "sampleNo": "DF0000061371",
            "testingType": "普筛",
            "sampleType": "口咽拭子",
            "isNeedReport": "null"
        },
        {
            "participantId": 142020,
            "userId": "11_ot0nq6m7Hv2zv8MTazOH8Zh1Sqns",
            "participantName": "何成尧",
            "participantType": null,
            "userRlt": "本人",
            "granderName": "男",
            "idcardType": "居民身份证",
            "idcardCode": "350723199908140016",
            "birthDate": "1999-08-14",
            "ageNum": 22,
            "mobileNo": "18061089757",
            "testingLocation": "南京迪飞总部实验室",
            "testingCt": null,
            "testingNum": null,
            "isValid": "1",
            "remarks": null,
            "createdBy": "11_ot0nq6m7Hv2zv8MTazOH8Zh1Sqns",
            "createdByName": null,
            "creationDate": "2022-05-23T09:57:47.770Z",
            "modBy": "11_ot0nq6m7Hv2zv8MTazOH8Zh1Sqns",
            "modByName": null,
            "modDate": "2022-05-23T09:57:47.770Z",
            "boxNo": "BX00008711",
            "sampleNo": "DF0000061371",
            "testingType": "普筛",
            "sampleType": "口咽拭子",
            "isNeedReport": "null"
        },
        {
            "participantId": 2319,
            "userId": "11_ot0nq6gB7DBXrODvXT1nivNz1XDY",
            "participantName": "孟凡榄",
            "participantType": null,
            "userRlt": "本人",
            "granderName": "男",
            "idcardType": "居民身份证",
            "idcardCode": "320305198707061851",
            "birthDate": "1987-07-06",
            "ageNum": 34,
            "mobileNo": "18921753003",
            "testingLocation": "南京迪飞总部实验室",
            "testingCt": null,
            "testingNum": null,
            "isValid": "1",
            "remarks": null,
            "createdBy": "11_ot0nq6gB7DBXrODvXT1nivNz1XDY",
            "createdByName": null,
            "creationDate": "2021-08-20T01:29:23.914Z",
            "modBy": "11_ot0nq6gB7DBXrODvXT1nivNz1XDY",
            "modByName": null,
            "modDate": "2022-01-26T03:11:17.914Z",
            "boxNo": "BX00008711",
            "sampleNo": "DF0000061371",
            "testingType": "普筛",
            "sampleType": "口咽拭子",
            "isNeedReport": "null"
        },
        {
            "participantId": 144147,
            "userId": "11_ot0nq6g4Fst1LgoIRup2dLXB_w5k",
            "participantName": "杜妍",
            "participantType": null,
            "userRlt": "本人",
            "granderName": "女",
            "idcardType": "居民身份证",
            "idcardCode": "32132320000606392X",
            "birthDate": "2000-06-06",
            "ageNum": 21,
            "mobileNo": "19851785279",
            "testingLocation": "南京迪飞总部实验室",
            "testingCt": null,
            "testingNum": null,
            "isValid": "1",
            "remarks": null,
            "createdBy": "11_ot0nq6g4Fst1LgoIRup2dLXB_w5k",
            "createdByName": null,
            "creationDate": "2022-05-25T10:04:11.832Z",
            "modBy": "11_ot0nq6g4Fst1LgoIRup2dLXB_w5k",
            "modByName": null,
            "modDate": "2022-05-25T10:04:11.832Z",
            "boxNo": "BX00008711",
            "sampleNo": "DF0000061371",
            "testingType": "普筛",
            "sampleType": "口咽拭子",
            "isNeedReport": "null"
        },
        {
            "participantId": 48934,
            "userId": "11_ot0nq6lc5EDFCWeS8NVuvebPg22c",
            "participantName": "杜雪",
            "participantType": null,
            "userRlt": "本人",
            "granderName": "女",
            "idcardType": "居民身份证",
            "idcardCode": "320111199601173223",
            "birthDate": "1996-01-17",
            "ageNum": 26,
            "mobileNo": "18351865132",
            "testingLocation": "南京迪飞总部实验室",
            "testingCt": null,
            "testingNum": null,
            "isValid": "1",
            "remarks": null,
            "createdBy": "11_ot0nq6lc5EDFCWeS8NVuvebPg22c",
            "createdByName": null,
            "creationDate": "2022-03-13T04:43:45.624Z",
            "modBy": "11_ot0nq6lc5EDFCWeS8NVuvebPg22c",
            "modByName": null,
            "modDate": "2022-03-27T03:47:08.564Z",
            "boxNo": "BX00008711",
            "sampleNo": "DF0000061371",
            "testingType": "普筛",
            "sampleType": "口咽拭子",
            "isNeedReport": "null"
        },
        {
            "participantId": 124003,
            "userId": "11_ot0nq6uLxUx8uAbfKxJ7SRgk9ZXo",
            "participantName": "余传平",
            "participantType": null,
            "userRlt": "本人",
            "granderName": "男",
            "idcardType": "居民身份证",
            "idcardCode": "34112219690315161x",
            "birthDate": "1969-03-15",
            "ageNum": 53,
            "mobileNo": "19962063673",
            "testingLocation": "南京迪飞总部实验室",
            "testingCt": null,
            "testingNum": null,
            "isValid": "1",
            "remarks": null,
            "createdBy": "11_ot0nq6uLxUx8uAbfKxJ7SRgk9ZXo",
            "createdByName": null,
            "creationDate": "2022-05-14T09:24:16.120Z",
            "modBy": "11_ot0nq6uLxUx8uAbfKxJ7SRgk9ZXo",
            "modByName": null,
            "modDate": "2022-05-14T09:24:16.120Z",
            "boxNo": "BX00008711",
            "sampleNo": "DF0000061371",
            "testingType": "普筛",
            "sampleType": "口咽拭子",
            "isNeedReport": "null"
        }
    ]
}