{
    "DF0000160383": [
        {
            "participantId": 87758,
            "userId": "11_ot0nq6ghZ1d5m0RiNrVHiPFrhCXE",
            "participantName": "测试17",
            "participantType": null,
            "userRlt": "其他血亲",
            "granderName": "男",
            "idcardType": "居民身份证",
            "idcardCode": "440983199609080817",
            "birthDate": "1996-09-08",
            "ageNum": 25,
            "mobileNo": "15256985625",
            "testingLocation": "大厂高级中学",
            "testingCt": null,
            "testingNum": null,
            "isValid": "1",
            "remarks": null,
            "createdBy": "11_ot0nq6ghZ1d5m0RiNrVHiPFrhCXE",
            "createdByName": null,
            "creationDate": "2022-05-09T12:29:48.901Z",
            "modBy": "11_ot0nq6ghZ1d5m0RiNrVHiPFrhCXE",
            "modByName": null,
            "modDate": "2022-05-09T12:29:48.901Z",
            "boxNo": "BX00016420",
            "sampleNo": "DF0000160383",
            "testingType": "普筛",
            "sampleType": "口咽拭子",
            "isNeedReport": "0"
        }
    ]
}